No,Location ID,State,Area Code,Area Name,Premise Type,Premise Name,LatLong Location,PM Cycle,Last Maintenance Date,PM Date,Status,Commission Date,DLP End Date,DLP Period,Security Control,Guard Type,Current Active Service Requests
1,C1,Johor,6346,Johor Jaya,PMU GIS,PMU Pelangi,"1.576913, 103.791613",18,27/05/2025,18/11/2026,Commissioned,,,365,,,
2,C2,Johor,6330,Batu Pahat,Warehouse,Stor Batu Pahat,,18,11/09/2025,05/03/2027,Commissioned,,,365,Manned,,"827e3215-4b41-4770-948a-dd151949eaa1 , c28d5342-26dd-4e31-9add-405c09d5fc59"
3,C3,Johor,6330,Batu Pahat,Kedai Tenaga,KT Yong Peng,,18,11/11/2025,05/05/2027,Commissioned,12/30/2016,,365,Manned,Private Security,
4,C4,Johor,6333,Pontian,PMU SP,PMU Tg Bin,"1.334285, 103.536453",18,15/07/2025,06/01/2027,Commissioned,,,365,Manned,Auxilliary Police,"9322f6cd , cd4ca53e , 03671216-da1b-4582-8cd7-8b8fa692c086 , 3db4cf12-e594-45d6-81f2-d8cd3e9ee33b"
5,C5,Johor,6342,Kulai,PMU SP,PMU Bukit Batu,"1.758159, 103.427621",18,18/07/2025,09/01/2027,Commissioned,,,365,Manned,Auxilliary Police,"a1db7447 , 14745d94 , ef0462f4-d932-401e-8ed3-ca3333238556 , bae7af80-9dde-4b39-815f-b71e89b42901"
6,C6,Johor,6342,Kulai,Kedai Tenaga,KT Kulai,,18,23/10/2025,16/04/2027,Commissioned,12/30/2016,,365,Manned,Private Security,
7,C7,Johor,6345,Pasir Gudang,PMU GIS,PMU KOTA MASAI,"1.485675, 103.933639",18,29/07/2025,20/01/2027,Commissioned,12/2/2022,12/2/2023,365,Unmanned,,"abc22e0d , 621c41fa , f5fa7871 , 0ef0feb8"
8,C8,Johor,6340,Johor Bahru,Kedai Tenaga,KT UTC Johor,,18,23/10/2025,16/04/2027,Commissioned,12/30/2016,,365,Manned,Private Security,
9,C9,Johor,6330,Batu Pahat,Warehouse,Batu Pahat,,18,20/09/2024,14/03/2026,Commissioned,,,365,Manned,,"1e4e083b , 455c2480-d8e2-4076-9325-fbbe7640fa05 , 57e39682-6230-456d-a965-8fe5160d7889"
10,C10,Johor,6350,Muar,Kedai Tenaga,KT Muar,,18,24/10/2025,17/04/2027,Commissioned,12/30/2016,,365,Manned,Private Security,
11,C11,Johor,6340,Johor Bahru,PMU GIS,PMU GIS STULANG DARAT,"1.470672, 103.774651",18,04/12/2024,28/05/2026,Commissioned,2/4/2023,1/4/2024,365,Unmanned,,"994455c9 , 09fd77e3"
12,C12,Johor,6333,Pontian,Kedai Tenaga,KT Pontian,,18,24/10/2025,17/04/2027,Commissioned,12/30/2016,,365,Manned,Private Security,dfa095a2
13,C13,Johor,6346,Johor Jaya,PPU,PPU Taman Bestari Indah,"1.603933, 103.795997",18,16/06/2025,08/12/2026,Commissioned,6/13/2024,6/13/2025,365,Unmanned,,"8d040a31 , f642be9e-d8ad-42d8-8062-05d2d5c22050 , f141725c-e92b-4cc2-8ad7-54307f4f1126"
14,C14,Johor,6352,Segamat,Kedai Tenaga,KT Segamat,,18,11/11/2025,05/05/2027,Commissioned,12/30/2016,,365,Manned,Private Security,"a0203892 , 590e6dd3 , c8a56019"
15,C15,Johor,6345,Pasir Gudang,PPU,PPU 33/11KV JALAN KELULI 12 PASIR GUDANG,"1.477223, 103.913055",18,08/05/2025,30/10/2026,Commissioned,,,365,,,"b0a908a8 , f2c07e5a"
16,C16,Johor,6360,Kluang,Kedai Tenaga,KT Simpang Renggam,,18,01/01/2020,24/06/2021,Commissioned,12/30/2016,,365,Manned,Private Security,
17,C17,Johor,6340,Johor Bahru,PPU,PPU Taman Universiti,"1.543941, 103.627077",18,17/06/2025,09/12/2026,Commissioned,12/6/2024,12/6/2025,365,Unmanned,,"af41d43a , c655c7f9 , 88ad930f-2331-4b42-bd43-c4fc6bda1f30 , f20086cf-79c2-49a6-98e9-8e4eb37aa999"
18,C18,Johor,6360,Kluang,Kedai Tenaga,KT Kluang,,18,12/11/2025,06/05/2027,Commissioned,12/30/2016,,365,Manned,Private Security,
19,C19,Johor,6330,Batu Pahat,PMU SP,PMU Yong Peng,"2.075472, 103.048259",18,13/08/2025,04/02/2027,Commissioned,,,365,Manned,Auxilliary Police,"129ba15b , cbe1bcc1-975a-4198-bbb1-156cd6f9748a , b956384d-d36b-40e2-ac26-f58bcb119b34"
20,C20,Johor,6340,Johor Bahru,PPU,PPU 33KV GELANG PATAH,"1.419063, 103.597042",18,08/05/2025,30/10/2026,Commissioned,,,365,,,889e9ef9
21,C21,Johor,6345,Pasir Gudang,PPU,PPU 33/11KV PASIR GUDANG TOWN CENTRE (PGTE),,18,01/10/2024,25/03/2026,Commissioned,11/6/2024,11/6/2025,365,,,"519b6f1c , 889c600d , d1a98f2b-fbf0-45d6-bafa-dd1565a8a628 , 6c49d995-c571-43d0-920c-4ae190d7d390"
22,C22,Johor,6333,Pontian,Kedai Tenaga,KT Pekan Nenas,,18,12/11/2025,06/05/2027,Commissioned,12/30/2016,,365,Manned,Private Security,
23,C23,Johor,6340,Johor Bahru,PPU,PPU MEDINI 3A,,18,07/05/2025,29/10/2026,Commissioned,,,365,,,62a64e52
24,C24,Johor,6346,Johor Jaya,PPU,PPU Johor Jaya 2,"1.531797, 103.795882",18,16/06/2025,08/12/2026,Commissioned,6/23/2024,6/23/2025,365,Unmanned,,"db85ebf0 , 0463d38f"
25,C25,Johor,6340,Johor Bahru,PMU GIS,PMU GIS FINANCIAL CENTER,"1.424718, 103.620445",18,05/12/2024,29/05/2026,Commissioned,3/4/2023,2/4/2024,365,Unmanned,,"a19f62af , cf9c921d , a42ae6f9"
26,C26,Johor,6340,Johor Bahru,PMU GIS,PMU GIS PUSAT BANDAR JB,"1.470859, 103.753438",18,03/12/2024,27/05/2026,Commissioned,1/4/2023,3/31/2024,365,Unmanned,,"e644a461 , 822e9eed , e6f62a3c , 3d4d586a , d1a3949d , d26ba071 , 4462ac4b"
27,C27,Johor,6330,Batu Pahat,Kedai Tenaga,KT Batu Pahat,,18,11/11/2025,05/05/2027,Commissioned,12/30/2016,,365,Manned,Private Security,
28,C28,Johor,6353,Tangkak,Kedai Tenaga,KT Tangkak,,18,24/10/2025,17/04/2027,Commissioned,12/30/2016,,365,Manned,Private Security,
29,C29,Johor,6345,Pasir Gudang,PMU GIS,PMU Plentong,"1.522751, 103.838481",18,13/02/2025,07/08/2026,Commissioned,,,365,,,
30,C30,Johor,6350,Muar,Pusat Peranginan,Banglo Jalan Petrie,,18,07/11/2025,01/05/2027,Commissioned,,,365,Manned,Private Security,"9d45454c-f8c3-41f5-860b-b98ccbee97c5 , ab6b268c-6314-4dd3-a737-0969e99e1f01 , a73cf4f8-d948-4e51-b76f-f8d25808fb6e"
31,C31,Johor,6340,Johor Bahru,Bilik Senjata,Bilik Senjata Yahya Awal Johor,"1.467383, 103.753299",18,20/01/2025,14/07/2026,Commissioned,,,365,Manned,Auxilliary Police,"91c8b9d5-8354-4815-8c22-30ae1b0137c5 , cdf3ce7e-b71f-474c-b7c7-2eac764effb1"
32,C32,Johor,6340,Johor Bahru,PPU,PPU BBU 22KV / 33KV,"1.487778, 103.715520",18,27/11/2025,21/05/2027,Commissioned,3/14/2019,,365,Unmanned,,"c4de3ab2 , bff4b565 , 56f88015 , 3631aece , b3d0fdba-9d9a-4788-b8d9-d3162d7f030f , 48f1c14c-3738-4c98-b3d5-9ff99619e087"
33,C33,Johor,6360,Kluang,Warehouse,Stor Kluang,,18,10/09/2025,04/03/2027,Commissioned,,,365,Manned,,"bf1ebd7b-91f3-4666-8f8b-292748d7df1d , af497eb4-afda-4990-b2c8-938a00a9eee1"
34,C34,Johor,6340,Johor Bahru,Kedai Tenaga,KT Johor Bahru,,18,10/11/2025,04/05/2027,Commissioned,12/30/2016,,365,Manned,Private Security,
35,C35,Johor,6340,Johor Bahru,PMU GIS,PMU Danga Bay,"1.484603, 103.714763",18,09/04/2025,01/10/2026,Commissioned,,,365,,,"2cd7034f , df658064 , 48dd976c , f5d95872 , 65006169"
36,C36,Johor,6340,Johor Bahru,PMU GIS,PMU Kangkar Tebrau,"1.534238, 103.754813",18,10/04/2025,02/10/2026,Commissioned,,,365,,,"d22a20c4 , 4b48308c , 7ea3400a"
37,C37,Johor,6341,Kota Tinggi,PPU,"PPU 33/11KV, BUKIT PELALI PENGERANG","1.411335, 104.199470",18,30/09/2024,24/03/2026,Commissioned,9/6/2024,9/6/2025,365,,,"d0b0a825-f98d-43f1-b876-6a57fbbbae76 , 7f536d60-bc32-4f5e-872f-63fa1ccb0814"
38,C38,Johor,6341,Kota Tinggi,Kedai Tenaga,KT Kota Tinggi,,18,13/11/2025,07/05/2027,Commissioned,12/30/2016,,365,Manned,Private Security,6a7fd721
39,C39,Johor,6360,Kluang,Warehouse,Stor Kluang,,18,10/09/2025,04/03/2027,Commissioned,,,365,Manned,,"75ffe7ef-9885-43cb-9c37-ee6865503ae3 , 50e48f48-c291-4bd6-bf44-5bbd9604a6af"
40,C40,Johor,6342,Kulai,PPU,PPU Senai Hitech,"1.600014, 103.686661",18,28/11/2025,22/05/2027,Commissioned,3/14/2019,,365,Unmanned,,"f3d7c6f1 , 418e119c-35ac-4cef-b466-a6f9f49b7860 , 63ae9a24-1305-498a-bbd4-02c88da250de"
41,C41,Johor,6345,Pasir Gudang,PPU,PPU 33KV NALIN PASIR GUDANG,"1.453583, 103.905292",18,08/05/2025,30/10/2026,Commissioned,10/6/2024,10/6/2025,365,Unmanned,,"53a3c3eb , 436fa4c8 , fc9cb8a8-b7b9-4043-9234-c039964d611b"
42,C42,Johor,6340,Johor Bahru,PMU GIS,PMU JOHOR BHARU SOUTHKEY,"1.499952, 103.781307",18,10/09/2025,04/03/2027,Commissioned,4/2/2022,4/2/2023,365,Unmanned,,"b5ef1bd1 , f7b30cc9 , 92487b95"
43,C43,Johor,6345,Pasir Gudang,Kedai Tenaga,KT Pasir Gudang,,18,10/11/2025,04/05/2027,Commissioned,12/30/2016,,365,Manned,Private Security,
44,C44,Johor,6361,Mersing,Kedai Tenaga,KT Mersing,,18,11/11/2025,05/05/2027,Commissioned,12/30/2016,,365,Manned,Private Security,"0844b62d-03e7-4d32-a885-0903f9c37e51 , ec6c9881-eca2-4db9-9c48-299fd359012b"
45,C45,Johor,6346,Johor Jaya,Kedai Tenaga,KT Johor Jaya,,18,23/10/2025,16/04/2027,Commissioned,12/30/2016,,365,Manned,Private Security,fd247314
46,C46,Johor,6340,Johor Bahru,PMU GIS,PMU LARKIN,"1.502864, 103.749539",18,11/09/2025,05/03/2027,Commissioned,8/2/2022,8/2/2023,365,Unmanned,,"81e8f1dd , 9fc1ab94 , 848a5647 , 19eb359e"
47,C47,Johor,6346,Johor Jaya,PPU,PPU Tebrau 3,"1.538905, 103.774154",18,17/06/2025,09/12/2026,Commissioned,7/29/2024,7/29/2025,365,Unmanned,,"4c3729fc-3722-4a21-9bf5-8b783d5349cc , d31e0d3b-8620-49ff-a0a0-4740c363d1cf"
48,C48,Johor,6352,Segamat,Kedai Tenaga,KT Labis,,18,22/10/2025,15/04/2027,Commissioned,12/30/2016,,365,Manned,Private Security,
49,C49,Johor,6341,Kota Tinggi,Warehouse,Stor Kota Tinggi,,18,04/09/2024,26/02/2026,Commissioned,,,365,Manned,,c38b0ba6-6c54-40cf-a27f-b47db00a841f
50,C50,Johor,6340,Johor Bahru,Warehouse,Stor Kempas,,18,03/09/2024,25/02/2026,Commissioned,,,365,Manned,,"f1195cac-1120-40ad-8f0e-38de933e2995 , b59fd03f-48b8-40b1-a96a-2192a425b328"
51,C51,Kedah,6240,Alor Setar,PMU GIS,PMU GIS ALOR SETAR,"6.127818, 100.365366",18,13/06/2024,05/12/2025,Commissioned,8/2/2023,8/2/2024,365,Unmanned,,"90a63761 , fe489d69 , 7a8be6d4 , 94f1996a , c9962515"
52,C52,Kedah,6240,Alor Setar,Warehouse,"Stor Mergong, Alor Setar",,18,27/08/2025,18/02/2027,Commissioned,,,365,Manned,,"808c06cf , ce8a5b85-a9a2-43d0-835e-b115ce1461be , c721e448-cfff-4400-97fd-481022840fa5"
53,C53,Kedah,6294,Kulim,Warehouse,Stor Kulim,,18,26/09/2024,20/03/2026,Commissioned,,,365,Manned,,"efdf4065-bedc-43f9-8657-f5dd6b3d825f , 2afed458-7004-47a2-b52d-5b8584cd9fb7"
54,C54,Kedah,6240,Alor Setar,Kedai Tenaga,KT Alor Setar,,18,06/11/2025,30/04/2027,Commissioned,12/30/2016,,365,Manned,Private Security,68f9cfc8
55,C55,Kedah,6290,Sg. Petani,PPU,"PPU 33 KV WAKTU CERAH, SG. PETANI","5.625571, 100.526895",18,16/05/2025,07/11/2026,Commissioned,,,365,,,
56,C56,Kedah,6244,Guar Cempedak,PMU SP,PMU Gurun,"5.812425, 100.534634",18,07/08/2024,29/01/2026,Commissioned,,,365,Manned,Auxilliary Police,"569c362d , 9022963e , 07ca0fa3 , b8c7cc68"
57,C57,Kedah,6240,Alor Setar,Pejabat TNB,Wisma Alor Setar,,18,11/09/2024,05/03/2026,Commissioned,,,365,Manned,,"a438abb2-ff29-4e03-b985-8e039f85d425 , 5ba78d7a-f97f-49f8-b0c8-69ce53a1ef7d"
58,C58,Kedah,6290,Sg. Petani,PMU SP,PMU Bedong,"5.722723, 100.501068",18,08/08/2024,30/01/2026,Commissioned,,,365,Manned,Auxilliary Police,"db8e919c , fdfd3602-639b-4783-bf24-699d12d7abbb , 09fdfd0c-d23f-42b0-953a-5316569de2ea"
59,C59,Kedah,6243,Langkawi,Warehouse,Stor Langkawi,,18,26/08/2025,17/02/2027,Commissioned,,,365,Manned,,"5a6fb04e-182b-41de-b538-3365a2bc28a1 , afd17210-e491-492b-b512-d736707af912"
60,C60,Kedah,6246,Pendang,PPU,PPU 33KV BUKIT RAYA (PENDANG),"6.029900, 100.450108",18,17/10/2024,10/04/2026,Commissioned,6/25/2024,6/25/2025,365,Unmanned,,c313e7a5
61,C61,Kedah,6245,Kuala Nerang,Kedai Tenaga,KT Kuala Nerang,"6.255200, 100.610086",18,05/11/2025,29/04/2027,Commissioned,12/30/2016,,365,Manned,Private Security,
62,C62,Kedah,6240,Alor Setar,Warehouse,Stor Mergong Grid,"6.129794, 100.346992",18,27/08/2025,18/02/2027,Commissioned,,,365,Manned,,"b4c6ffa6-ab22-47bc-a4c6-f1980dbca741 , 43690751-f51f-4694-985a-cdf2b9155c0b"
63,C63,Kedah,6240,Alor Setar,Kedai Tenaga,KT UTC Alor Setar,"6.118692, 100.370342",18,01/01/2020,24/06/2021,Decommissioned,12/30/2016,,365,Manned,Private Security,
64,C64,Kedah,6246,Pendang,PPU,"PPU 33KV SG. TIANG, PENDANG","6.011772, 100.614919",18,08/10/2024,01/04/2026,Commissioned,8/10/2024,8/10/2025,365,Unmanned,,"9f231b0c , 0ca640ce-5b6f-46d7-ad20-ab65f72d39a7 , 1c320211-4c4e-4cef-902e-e3c88bd45f99"
65,C65,Kedah,6244,Guar Cempedak,Kedai Tenaga,KT Guar Cempedak,,18,13/11/2025,07/05/2027,Commissioned,12/30/2016,,365,Manned,Private Security,"13c6e944-68e1-4c5f-8875-2d25f6b81ca4 , 851543fc-2436-4232-863d-b9e47a4a7075"
66,C66,Kedah,6294,Kulim,Kedai Tenaga,KT Kulim,,18,20/11/2025,14/05/2027,Commissioned,12/30/2016,,365,Manned,Private Security,"3c0c0050-00cd-428e-b431-3f4d757961ef , ddadbe55-19a0-4251-bdc3-ec83fea5a3d3"
67,C67,Kedah,6246,Pendang,PPU,PPU 33KV PENDANG,"5.996065, 100.477447",18,09/10/2024,02/04/2026,Commissioned,9/10/2024,9/10/2025,365,Unmanned,,"dd99c72a , 059272b2 , 3c7d6b99-918c-4c76-b6ce-6559f41360d2 , 2a17e92d-d4a7-474c-a8a9-d574808b3c45"
68,C68,Kedah,6295,Bandar Baru,Kedai Tenaga,KT Bandar Baru,,18,26/11/2025,20/05/2027,Commissioned,12/30/2016,,365,Manned,Private Security,"52b440e7 , 7eb2d9f4-3af6-4fd6-836e-06baaf60ecd5 , d774f617-64db-42ba-8e9b-968c69166ca0"
69,C69,Kedah,6293,Sik,Kedai Tenaga,KT Sik,,18,13/11/2025,07/05/2027,Commissioned,12/30/2016,,365,Manned,Private Security,"147e77e5-d82e-4d89-802e-c5e3253820e5 , 04c4b7d5-cf95-4a04-89ab-49c70b0f75a3"
70,C70,Kedah,6290,Sg. Petani,Kedai Tenaga,KT Sungai Petani,,18,01/12/2025,25/05/2027,Commissioned,12/30/2016,,365,Manned,Private Security,"de771f09 , 9ac32724-3155-4d18-a790-e4a4505544a9 , 3f2e0b07-c725-490f-8034-0f355e4ad58f"
71,C71,Kedah,6246,Pendang,Kedai Tenaga,KT Pendang,,18,06/11/2025,30/04/2027,Commissioned,12/30/2016,,365,Manned,Private Security,49f99700
72,C72,Kedah,6242,Jitra,Kedai Tenaga,KT Jitra,"6.276070, 100.420905",18,05/11/2025,29/04/2027,Commissioned,12/30/2016,,365,Manned,Private Security,"a970a66e , 495be801"
73,C73,Kedah,6240,Alor Setar,PMU SP,PMU 275KV KOTA SETAR,"6.088890, 100.356898",18,11/06/2024,03/12/2025,Commissioned,4/17/2023,4/16/2024,365,Manned,Auxilliary Police,"66b918ba , 4f5e0b32-fc38-406e-a5f7-13ace77edbc8 , abe1e607-b511-4176-8e8c-a5d6594c7bcf"
74,C74,Kedah,6243,Langkawi,Kedai Tenaga,KT Pulau Langkawi,,18,14/01/2026,08/07/2027,Commissioned,12/30/2016,,365,Manned,Private Security,75dc3629
75,C75,Kedah,6240,Alor Setar,Bilik Senjata,Bilik Senjata Alor Setar,,18,15/01/2025,09/07/2026,Commissioned,,,365,Manned,Auxilliary Police,"66be8021-950c-485b-9941-23e6b7556742 , 70dc28e4-ba40-43c9-a490-9051b95e0ccd"
76,C76,Kedah,6290,Sg. Petani,PPU,"PPU 33 KV HONDA HICOM, SG. PETANI","5.612147, 100.478261",18,20/11/2024,14/05/2026,Commissioned,,,365,,,
77,C77,Kedah,6292,Baling,Kedai Tenaga,KT Baling,"5.673749, 100.917583",18,20/11/2025,14/05/2027,Commissioned,12/30/2016,,365,Manned,Private Security,"42832dd5-9dad-4d3f-adf5-03a0b6f63135 , 8e840a96-741c-45fd-a556-3f0e8396ea66"
78,C78,Kedah,6290,Sg. Petani,PPU,"PPU 33 KV PDG TEMUSU, SG. PETANI","5.595399, 100.474587",18,16/04/2025,08/10/2026,Commissioned,,,365,,,"269c2f6e , c33377e3"
79,C79,Kedah,6290,Sg. Petani,Warehouse,Sungai Petani,,18,13/02/2025,07/08/2026,Commissioned,,,365,Manned,,"306ad621-0194-4537-b70e-a055e37a463e , d47b0394-72c7-4057-983e-91c7d41b78b5"
80,C80,Kelantan,6411,Kuala Krai,PPU,PPU 33/11KV KUALA KRAI,"5.536195, 102.203901",18,13/02/2024,06/08/2025,Commissioned,9/26/2024,9/26/2025,365,Unmanned,,"49a42f85 , ff0310ed-d826-4826-a329-62aeaf21f3c2 , a3c58463-5081-4716-99ea-82206cb9e5a3"
81,C81,Kelantan,6417,Tanah Merah,PMU SP,PMU Tanah Merah,"5.814269, 102.129052",18,13/08/2024,04/02/2026,Commissioned,,,365,Manned,Auxilliary Police,"962391f5-d7c9-4068-9f6f-fb59918a5a12 , da9d98b4-f905-475e-a990-330209cbd7eb"
82,C82,Kelantan,6410,Kota Bharu,Kedai Tenaga,KT Kota Bharu,,18,27/10/2025,20/04/2027,Commissioned,12/30/2016,,365,Manned,Private Security,"5d0bdf19 , 7b13b7af-6e71-49fc-9932-51e62af742ec , 0d162829-8b49-4b0a-a345-e2c027d6a90e"
83,C83,Kelantan,6410,Kota Bharu,Pejabat TNB,Wisma Kota Bharu,,18,26/01/2026,20/07/2027,Commissioned,,,365,Manned,,"6f0f6e48 , 4e36fdd3-7d93-4404-923b-fb2f1e111292"
84,C84,Kelantan,6417,Tanah Merah,Kedai Tenaga,KT Tanah Merah,,18,29/10/2025,22/04/2027,Commissioned,12/30/2016,,365,Manned,Private Security,"75249dcc-e11f-43dc-9f14-56c222f71586 , 91f8000c-191d-4d40-ade5-05108bbe3f57"
85,C85,Kelantan,6416,Bachok,PMU SP,PMU Kandis,"5.920493, 102.451698",18,15/08/2024,06/02/2026,Commissioned,,,365,Manned,Auxilliary Police,"40f1318b , fc4c4fb0-8929-4cc7-994f-d09a2b2dc9d7 , 9e100034-75a7-4f8e-ae3b-60f3f11ad625"
86,C86,Kelantan,6416,Bachok,Warehouse,Stor Bachok,,18,09/10/2024,02/04/2026,Commissioned,,,365,Manned,,"0d7275b5-dda4-4da7-8845-c1acfcf2e472 , 8c8a5f37-7a0a-4cf1-a8f6-9c9a1ed9f2ac"
87,C87,Kelantan,6412,Pasir Mas,Kedai Tenaga,KT Pasir Mas,,18,25/01/2026,19/07/2027,Commissioned,12/30/2016,,365,Manned,Private Security,"26c3bd1c , 4a4c43cf-f43d-4914-9ebe-8e1b9d7de91a , 2d5e9864-87d7-424a-b945-42cb4e6b160e"
88,C88,Kelantan,6410,Kota Bharu,Bilik Senjata,Bilik Senjata Kota Bharu,,18,19/01/2025,13/07/2026,Commissioned,,,365,Manned,Auxilliary Police,db68c742-94e9-49f5-af02-96ee3adbd91d
89,C89,Kelantan,6419,Machang,Kedai Tenaga,KT Machang,,18,15/01/2026,09/07/2027,Commissioned,12/30/2016,,365,Manned,Private Security,"86c45d86 , dde58b66 , 1c938acf-5f7d-4657-aaa7-b23c273edfc0 , 345d5be9-f2de-4738-a9ff-ddd33774ea75"
90,C90,Kelantan,6411,Kuala Krai,Kedai Tenaga,KT Kuala Krai,,18,28/10/2025,21/04/2027,Commissioned,12/30/2016,,365,Manned,Private Security,"f13339e3-3fbf-4824-9f2b-ea90988223ad , ae2b2931-f71c-4945-847c-c80ecafe85fd"
91,C91,Kelantan,6415,Tumpat,Kedai Tenaga,KT Tumpat,,18,08/01/2026,02/07/2027,Commissioned,12/30/2016,,365,Manned,Private Security,"2d93a958 , 2a2d580c , 0fe554d7 , c7a52cd2-f419-4332-95cb-9ef20a085084 , 7682fbec-6319-409e-860e-1099f3edf2d0"
92,C92,Kelantan,6461,Jeli,Kedai Tenaga,KT Jeli,,18,07/11/2025,01/05/2027,Commissioned,12/30/2016,,365,Manned,Private Security,
93,C93,Kelantan,6413,Pasir Puteh,PPU,"PPU 33/11KV KEMASIN SEMERAK, PASIR PUTEH","5.911521, 102.371244",18,30/04/2025,22/10/2026,Commissioned,,,365,,,39cb473b
94,C94,Kelantan,6417,Tanah Merah,Warehouse,Stor Tanah Merah,,18,28/03/2023,18/09/2024,Commissioned,,,365,Manned,,"e96fbc90-ea55-4653-8681-34ebf97b7530 , ad17cfeb-0403-4619-9be3-d6a1acb45bee"
95,C95,Kelantan,6410,Kota Bharu,PPU,PPU Kota Sri Mutiara,"6.112290, 102.249452",18,21/11/2025,15/05/2027,Commissioned,3/14/2019,,365,Unmanned,,"75937d09 , 28c0ea6f , 5ab4614e , 6213e3c9-d048-4534-958d-69589ddecfad , f7ac9890-2f90-41de-b5ab-0574f4d82dc2"
96,C96,Kelantan,6461,Jeli,PPU,"PPU 33/11KV BERDANG, JELI","5.681953, 101.851417",18,14/02/2024,07/08/2025,Commissioned,8/8/2024,8/8/2025,365,,,"c60228ea-4706-4d1e-824e-1ad00d9451d3 , a8d6a0ee-c166-453e-b870-8a71bc00cfe9"
97,C97,Kelantan,6414,Gua Musang,PPU,"PPU 33/11KV CHIKU, GUA MUSANG","4.982294, 102.180930",18,13/02/2024,06/08/2025,Commissioned,6/8/2024,6/8/2025,365,,,"9cf6dc1f , 3163a280 , 6e948ecb-8537-4c36-9c01-8a49bfa2facb , 093e5ee0-a4ae-4f44-88b1-8aa56f689e4c"
98,C98,Kelantan,6410,Kota Bharu,PPU,"PPU 33/11KV BANDAR BARU TUNJONG, KOTA BHARU","6.069425, 102.242023",18,30/04/2025,22/10/2026,Commissioned,,,365,,,3e208d31
99,C99,Kelantan,6413,Pasir Puteh,Kedai Tenaga,KT Pasir Puteh,,18,28/10/2025,21/04/2027,Commissioned,12/30/2016,,365,Manned,Private Security,"13365a80-7f04-4375-b77e-b2c180b0d872 , 4635469e-a786-4244-8004-5dcb164f1726"
100,C100,Kelantan,6410,Kota Bharu,Warehouse,Stor Lundang,,18,23/09/2025,17/03/2027,Commissioned,,,365,Manned,,"1cf36fe4 , 201ccdd8-7da7-409a-a310-5cbdb1931a98 , ca321055-3c1d-40f5-b7ae-a84627afa166"
101,C101,Kelantan,6416,Bachok,Kedai Tenaga,KT Bachok,,18,27/10/2025,20/04/2027,Commissioned,12/30/2016,,365,Manned,Private Security,"ef2b296f-cc4a-4bcb-97c6-c40e9d577eb1 , d548e455-a7f9-4cd7-b595-f9b349c37c72"
102,C102,Kelantan,6414,Gua Musang,Kedai Tenaga,KT Gua Musang,,18,08/11/2025,02/05/2027,Commissioned,12/30/2016,,365,Manned,Private Security,
103,C103,Kelantan,6411,Kuala Krai,Warehouse,Stor Kuala Krai,,18,25/09/2025,19/03/2027,Commissioned,,,365,Manned,,"da24fc7e-72ff-45e6-90d5-0114f7891159 , 0cb030c3-8aa6-48aa-b8ad-20a860a411d4"
104,C104,Kuala Lumpur,6123,Kuala Lumpur Pusat,PMU GIS,PMU Pudu Hulu,"3.123026, 101.728036",18,12/03/2025,03/09/2026,Commissioned,,,365,,,"3a518002 , 0bb9af69 , fbfed51a"
105,C105,Kuala Lumpur,6121,Kuala Lumpur Barat,PPU,PPU Pasar Borong,"3.237262, 101.668398",18,17/06/2025,09/12/2026,Commissioned,5/29/2024,5/29/2025,365,Unmanned,,"daeb9dff , cacfacb8 , ece07d79-fa0c-4afb-ace1-f7dce67eb637 , 93277a5c-20dc-4af4-8a2b-a3993ebbe672"
106,C106,Kuala Lumpur,6123,Kuala Lumpur Pusat,Taska,Taska HQ,,18,01/01/2020,24/06/2021,Decommissioned,,,365,,,
107,C107,Kuala Lumpur,6124,Kuala Lumpur Selatan,PPU,PPU 33/11 kV Fariza (Kuchai Lama),"3.089223, 101.690002",18,16/06/2025,08/12/2026,Commissioned,5/30/2024,5/30/2025,365,Unmanned,,"80867560-a014-44fc-8630-d67945aa321b , 47507902-f18c-4c8a-9bdd-b4eb4ba2b9cc"
108,C108,Kuala Lumpur,6123,Kuala Lumpur Pusat,PMU GIS,PMU Menara Warisan,"3.138640, 101.702317",18,06/08/2025,28/01/2027,Commissioned,3/30/2024,3/30/2025,365,Unmanned,,"b51bf4b2-3aab-415b-9701-5acddca3ff42 , 5fe1a1f7-e4cf-4b76-b645-b06a27bdba0e"
109,C109,Kuala Lumpur,6122,Kuala Lumpur Timur,PPU,PPU TAR College,"3.216223, 101.735478",18,11/11/2025,05/05/2027,Commissioned,3/1/2020,,365,Unmanned,,"90f9dcfa , 2030348c , f9380e00-7fa5-41a5-af28-07d5cb5d6598 , 2a5fdb65-5c82-4958-9855-d312d0923242"
110,C110,Kuala Lumpur,6103,P Putrajaya & Cyberj,PMU GIS,PMU Cyberjaya North,"2.953704, 101.648584",18,19/09/2026,12/03/2028,Commissioned,3/20/2024,3/20/2025,365,Unmanned,,"0b30e0d6 , 7f404aaa , ee177ef7 , a9bc5f75"
111,C111,Kuala Lumpur,6123,Kuala Lumpur Pusat,PMU SP,PMU KUALA LUMPUR NORTH,"3.197320, 101.602380",18,24/11/2025,18/05/2027,Commissioned,1/12/2021,1/12/2022,365,Manned,Auxilliary Police,"cd75caae , 1bfdf7e5 , f5de61bc , 529d79ec-8057-44a8-b5fb-cc6397fec5b0 , 86c1c941-72cb-4bf7-84ce-6496bb72545b"
112,C112,Kuala Lumpur,6123,Kuala Lumpur Pusat,PPU,PPU 33/11KV BUKIT BINTANG,"3.145713, 101.712165",18,08/01/2024,01/07/2025,Commissioned,9/24/2024,9/24/2025,365,Unmanned,,"e50afac3 , f05262ab-65bf-443f-ae8d-355932a1a411 , f15f88b2-66bf-4f1c-b091-7ef8c6e9a818"
113,C113,Kuala Lumpur,6121,Kuala Lumpur Barat,PMU SP,PMU 275KV BUKIT PANTAI,"3.118719, 101.666458",18,23/10/2024,16/04/2026,Commissioned,8/4/2023,7/4/2024,365,Manned,Auxilliary Police,"e78b08a0-3915-4d90-8502-fb3c415a586f , 0d8eba29-af7e-4ee9-8d6e-535a791ee4d1"
114,C114,Kuala Lumpur,6103,P Putrajaya & Cyberj,PPU,PPU Cyberjaya 6,"2.920899, 101.642077",18,29/10/2025,22/04/2027,Commissioned,3/1/2020,,365,Unmanned,,
115,C115,Kuala Lumpur,6121,Kuala Lumpur Barat,PMU GIS,PMU Matrade,"3.180141, 101.666078",18,10/07/2025,01/01/2027,Commissioned,,,365,,,
116,C116,Kuala Lumpur,6123,Kuala Lumpur Pusat,PMU GIS,PMU GIS GALLOWAY,"3.142670, 101.705761",18,18/10/2024,11/04/2026,Commissioned,3/24/2023,3/23/2024,365,Unmanned,,"df1a8b33 , ce96eb59 , e9a8ce92"
117,C117,Kuala Lumpur,6123,Kuala Lumpur Pusat,PMU GIS,PMU GIS VISION CITY,"3.161157, 101.699240",18,08/10/2024,01/04/2026,Commissioned,3/24/2023,3/23/2024,365,Unmanned,,"3dfd463a , 6d2b53bc"
118,C118,Kuala Lumpur,6124,Kuala Lumpur Selatan,PMU GIS,PMU GIS KUALA LUMPUR SOUTH,"3.077247, 101.665423",18,11/10/2024,04/04/2026,Commissioned,3/27/2023,3/26/2024,365,Unmanned,,"5819bda6 , 016e56d2"
119,C119,Kuala Lumpur,6103,P Putrajaya & Cyberj,PMU GIS,PMU GIS PUTRAJAYA CENTRAL,"2.927113, 101.696001",18,17/01/2025,11/07/2026,Commissioned,3/27/2023,3/26/2024,365,Unmanned,,"7b2afb37 , f36a59e9"
120,C120,Kuala Lumpur,6121,Kuala Lumpur Barat,PMU GIS,PMU GIS JINJANG,"3.216313, 101.653863",18,24/10/2024,17/04/2026,Commissioned,3/29/2023,3/28/2024,365,Unmanned,,"b234cce9 , 3b60c564"
121,C121,Kuala Lumpur,6121,Kuala Lumpur Barat,PMU GIS,"PMU GIS SEGAMBUT, K.LUMPUR","3.189443, 101.657964",18,16/10/2024,09/04/2026,Commissioned,3/29/2023,3/28/2024,365,Unmanned,,"8645aa19 , f8c77330 , 1dd20ea4 , ae35d0ef"
122,C122,Kuala Lumpur,6123,Kuala Lumpur Pusat,PMU GIS,PMU GIS TAMAN JAYA,"3.107059, 101.643037",18,10/10/2024,03/04/2026,Commissioned,3/31/2023,3/30/2024,365,Unmanned,,
123,C123,Kuala Lumpur,6122,Kuala Lumpur Timur,PPU,PPU 33/11 kV Taman Kosas,"3.149044, 101.771928",18,07/11/2025,01/05/2027,Commissioned,5/15/2024,5/15/2025,365,Unmanned,,"ef5bbbdf-0a15-40b7-9462-202f95635847 , 3f637d5b-f086-47c3-8bdc-4a59b7c66ffa"
124,C124,Kuala Lumpur,6123,Kuala Lumpur Pusat,PMU GIS,PMU Danau Desa,"3.097854, 101.682704",18,25/09/2025,19/03/2027,Commissioned,4/24/2024,4/24/2025,365,Unmanned,,
125,C125,Kuala Lumpur,6124,Kuala Lumpur Selatan,PPU,PPU 33/11kV Perkampungan Sukan Bukit Jalil,"3.060595, 101.682457",18,16/06/2025,08/12/2026,Commissioned,1/8/2024,1/8/2025,365,Unmanned,,"795d599c-5f3a-4900-b549-50b13bababf9 , 3e209d01-4b69-4df1-9b58-a606a68218d0"
126,C126,Kuala Lumpur,6124,Kuala Lumpur Selatan,PMU GIS,PMU Kuchai Lama,"3.090724, 101.695083",18,07/08/2025,29/01/2027,Commissioned,3/14/2024,3/14/2025,365,Unmanned,,"caae19b0-e322-4a92-b45c-b2404ad1ea4c , 3317e63d-07af-49ee-8482-3b2461a5033f"
127,C127,Kuala Lumpur,6103,P Putrajaya & Cyberj,PMU GIS,PMU Cyberjaya Central GIS,"2.941839, 101.760472",18,09/10/2025,02/04/2027,Commissioned,3/18/2024,3/18/2025,365,Unmanned,,152e6ace
128,C128,Kuala Lumpur,6123,Kuala Lumpur Pusat,PMU GIS,PMU Cochrane MRT,"3.133680, 101.722325",18,08/10/2025,01/04/2027,Commissioned,3/21/2024,3/21/2025,365,Unmanned,,"45b66016 , 9980c5c6 , d0eed1d7-63a0-4cb2-9354-38b9a9c33204 , 8a3a8238-ca58-408b-ac5b-d850470c6aad"
129,C129,Kuala Lumpur,6121,Kuala Lumpur Barat,PMU GIS,PMU Sri Hartamas,"3.170061, 101.663113",18,26/09/2025,20/03/2027,Commissioned,3/21/2024,3/21/2025,365,Unmanned,,"c53401df , bd0126c3"
130,C130,Kuala Lumpur,6121,Kuala Lumpur Barat,PMU GIS,PMU Manjalara,"3.203213, 101.638083",18,18/10/2025,11/04/2027,Commissioned,3/26/2024,3/26/2025,365,Unmanned,,"282b0186 , cfecd239 , 41ddea81-d6f8-4b7f-930d-1daf789f3b15 , 883bbe02-9f07-4d06-9da6-8863294a3e0a"
131,C131,Kuala Lumpur,6123,Kuala Lumpur Pusat,PPU,PPU Sungai Purun,"3.136678, 101.787715",18,13/11/2025,07/05/2027,Commissioned,3/1/2020,,365,Unmanned,,"9279e57c , f1179b26 , 441bab3d-119e-48d8-9d4e-357c8e1b5db2 , 12f79dd4-5fde-4629-b138-2cbf9382fcc2"
132,C132,Kuala Lumpur,6122,Kuala Lumpur Timur,PMU GIS,PMU Batu Caves,"3.230973, 101.684196",18,22/01/2026,16/07/2027,Commissioned,4/22/2024,4/22/2025,365,Unmanned,,"430a0672-1a3b-468d-a6ba-0d34da60f93a , 1dcbf51b-a2b0-41da-ae25-b64e0fd6d543"
133,C133,Kuala Lumpur,6124,Kuala Lumpur Selatan,PMU GIS,PMU Bandar Tun Razak,"3.099435, 101.708148",18,23/09/2025,17/03/2027,Commissioned,4/18/2024,4/18/2025,365,Unmanned,,ece38517
134,C134,Kuala Lumpur,6121,Kuala Lumpur Barat,PPU,PPU Insanjaya,,18,12/11/2025,06/05/2027,Commissioned,3/1/2020,,365,Unmanned,,"dcf2ddf0 , 8bd2d154 , 3f435c3c-821d-4dfe-a3ed-9a9d76049504 , a36f7249-0d4f-4a4f-ba78-c6d51b133dc5"
135,C135,Kuala Lumpur,6123,Kuala Lumpur Pusat,PPU,PPU Miharja,"3.121269, 101.720660",18,11/06/2025,03/12/2026,Commissioned,5/21/2024,5/21/2025,365,Unmanned,,db2cc95c
136,C136,Kuala Lumpur,6123,Kuala Lumpur Pusat,PMU GIS,PMU Jalan Imbi,"3.141722, 101.711681",18,24/09/2025,18/03/2027,Commissioned,4/24/2024,4/24/2025,365,Unmanned,,54737497
137,C137,Kuala Lumpur,6124,Kuala Lumpur Selatan,PMU GIS,PMU GIS SALAK SOUTH,"3.104370, 101.707723",18,09/10/2024,02/04/2026,Commissioned,7/3/2023,6/3/2024,365,Unmanned,,664b0d3d
138,C138,Kuala Lumpur,6123,Kuala Lumpur Pusat,PMU GIS,PMU KL City Centre (KLCC),"3.157981, 101.716360",18,16/10/2025,09/04/2027,Commissioned,9/5/2024,9/5/2025,365,Unmanned,,"f4d3ba1e , 98294fa5"
139,C139,Kuala Lumpur,6122,Kuala Lumpur Timur,PMU GIS,PMU Melawati,"3.209315, 101.752982",18,13/03/2025,04/09/2026,Commissioned,,,365,,,
140,C140,Kuala Lumpur,6123,Kuala Lumpur Pusat,PMU GIS,PMU Midvalley,"3.116567, 101.677793",18,11/03/2025,02/09/2026,Commissioned,,,365,,,"6c5b6272 , cfc84fa8 , 14c43cdc"
141,C141,Kuala Lumpur,6122,Kuala Lumpur Timur,PMU GIS,PMU Sentul Raya,"3.189090, 101.689404",18,17/03/2025,08/09/2026,Commissioned,,,365,,,
142,C142,Kuala Lumpur,6123,Kuala Lumpur Pusat,PMU GIS,PMU Bukit Bintang City Center,"3.141874, 101.706268",18,10/03/2025,01/09/2026,Commissioned,,,365,,,
143,C143,Kuala Lumpur,6122,Kuala Lumpur Timur,PMU GIS,PMU GIS Wangsa Maju,"3.205819, 101.737568",18,18/10/2025,11/04/2027,Commissioned,8/12/2020,,365,Unmanned,,"b2842f50 , bdb169c7 , dfb1b063 , 6a18d5b2 , a2922c25 , 530d3e7c , 4acbba6b , 4ea3a0b5-a363-4312-be72-885c42700ea5 , ad4248cb-d438-4bac-a075-457b82067372"
144,C144,Kuala Lumpur,6123,Kuala Lumpur Pusat,PPU,PPU 33 kV Jalan Pahang,"3.173032, 101.699029",18,17/06/2025,09/12/2026,Commissioned,5/16/2024,5/16/2025,365,Unmanned,,"92a9e97b , adf1c207 , f857d10e , a29ed8cf , 3065fefe-a471-4fdb-b0d3-4d2c83d708d0 , d6e702a4-b571-40f6-a452-b3bb99cebd58"
145,C145,Kuala Lumpur,6124,Kuala Lumpur Selatan,PMU GIS,PMU PAVILION BUKIT JALIL,"3.053507, 101.668421",18,20/12/2025,13/06/2027,Commissioned,2/18/2022,2/18/2023,365,Unmanned,,"1822b915 , 56fc1f96"
146,C146,Kuala Lumpur,6121,Kuala Lumpur Barat,PMU GIS,PMU GIS KUALA LUMPUR WEST,"3.114002, 101.601018",18,15/10/2024,08/04/2026,Commissioned,7/3/2023,6/3/2024,365,Unmanned,,
147,C147,Kuala Lumpur,6123,Kuala Lumpur Pusat,PMU GIS,PMU KAMPUNG PANDAN,"3.146387, 101.740251",18,28/05/2024,19/11/2025,Commissioned,2/23/2022,2/23/2023,365,Unmanned,,
148,C148,Kuala Lumpur,6123,Kuala Lumpur Pusat,Pejabat TNB,NLDC,"3.119994, 101.671393",18,06/06/2025,28/11/2026,Commissioned,,,365,Manned,,"56b289f3-3e0d-4ab5-bf06-6db0691f0647 , b1fd19ae-9524-4af9-a165-e2340a0145b6"
149,C149,Kuala Lumpur,6123,Kuala Lumpur Pusat,Pejabat TNB,HQ Building,,18,07/06/2025,29/11/2026,Commissioned,,,365,Manned,,"f6759ca8-b7cc-45a3-baec-84f93313d268 , 2edf1338-de0b-4f5b-8998-21a86aa8e2e0"
150,C150,Kuala Lumpur,6123,Kuala Lumpur Pusat,Pejabat TNB,TNB Generation HQ Building,,18,01/01/2020,24/06/2021,Commissioned,,,365,Manned,,"30dccc92-47c4-4e70-ab6a-0276ba2c9cc3 , 2a3a9034-b2a7-4f1f-bb9d-26b77346288c"
151,C151,Kuala Lumpur,6123,Kuala Lumpur Pusat,Pejabat TNB,SSD Command Center (CMS KT),,18,01/01/2020,24/06/2021,Commissioned,12/30/2016,,365,Manned,,"5ed484a0-b376-4ef8-bfed-69886c149200 , 385ef8b3-627e-424c-8671-93b5dfaaafd9"
152,C152,Kuala Lumpur,6123,Kuala Lumpur Pusat,Pejabat TNB,Wisma 2 Sentral,,18,05/08/2025,27/01/2027,Commissioned,,,365,Manned,,"b6015b65-95a5-4367-9c18-7d33650bcb57 , 09bd32b3-87fe-4c44-8ab7-284ebd9ece70"
153,C153,Kuala Lumpur,6122,Kuala Lumpur Timur,PMU GIS,PMU GIS KG. LANJUT,"3.195709, 101.722286",18,17/10/2024,10/04/2026,Commissioned,2/17/2023,2/17/2024,365,Unmanned,,"1c2e5643 , 87efa5ca , fa159330 , bd9a22d6 , 3bec2fc2"
154,C154,Kuala Lumpur,6123,Kuala Lumpur Pusat,Pejabat TNB,SSD Command Center (PPU),,18,01/01/2020,24/06/2021,Commissioned,,,365,Manned,,"d705b479-d847-40dd-af7a-04d18b6d4edf , f9218390-7af0-4f88-9b9b-eae87ada5e35"
155,C155,Kuala Lumpur,6123,Kuala Lumpur Pusat,Pejabat TNB,Bilik Penilaian NU Sentral,,18,01/01/2020,24/06/2021,Decommissioned,,,365,Manned,,
156,C156,Kuala Lumpur,6122,Kuala Lumpur Timur,PMU GIS,PMU CHUBADAK,"3.214820, 101.694345",18,25/11/2025,19/05/2027,Commissioned,2/26/2022,2/26/2023,365,Unmanned,,
157,C157,Kuala Lumpur,6123,Kuala Lumpur Pusat,Warehouse,Stor Pusat Bangsar,"3.122239, 101.673322",18,01/01/2020,24/06/2021,Commissioned,,,,Unarmed,,47e73f11
158,C158,Kuala Lumpur,6121,Kuala Lumpur Barat,Pejabat TNB,Pejabat Single Buyer,,18,12/06/2025,04/12/2026,Commissioned,,,365,Manned,,"fb5162f7-988b-4508-a900-6c798ccfd5ce , 578a61bd-db20-4efa-b50f-811556ee63a4"
159,C159,Kuala Lumpur,6103,P Putrajaya & Cyberj,PMU SP,PMU Serdang East,"2.968577, 101.686829",18,16/06/2025,08/12/2026,Commissioned,3/4/2024,3/4/2025,365,Manned,Auxilliary Police,"1bfbd452 , 39f3432c"
160,C160,Kuala Lumpur,6121,Kuala Lumpur Barat,PPU,PPU Dvillage ,"3.164856, 101.692020",18,12/11/2025,06/05/2027,Commissioned,3/1/2020,,365,Unmanned,,"d2f636f8 , 7617efe0 , eb103573 , d6c0c686 , a2c8f354 , d0018774 , 6c846eff , 8ee5e1ef , 2708a5dd , c009aabb , 743cc61f , 218927b5 , 2cbec0f4 , dc522da2 , d36e1456-fb9d-499b-82d7-e76894629cc7 , 7e690f50-3ae4-4704-a705-cbfced2723ff"
161,C161,Kuala Lumpur,6123,Kuala Lumpur Pusat,Kedai Tenaga,KT Dua Sentral,"3.136598, 101.692261",18,07/10/2025,31/03/2027,Commissioned,12/30/2016,,365,Manned,Private Security,"611c9792 , 8719f1c4"
162,C162,Kuala Lumpur,6123,Kuala Lumpur Pusat,Kedai Tenaga,KT UTC Kuala Lumpur,,18,18/11/2025,12/05/2027,Commissioned,12/30/2016,,365,Manned,Private Security,
163,C163,Kuala Lumpur,6122,Kuala Lumpur Timur,Kedai Tenaga,KT Taman Melawati,,18,14/11/2025,08/05/2027,Commissioned,12/30/2016,,365,Manned,Private Security,"42529bbe , bc34e5fc-87d6-415e-812c-1b12f6bfa378"
164,C164,Kuala Lumpur,6124,Kuala Lumpur Selatan,Kedai Tenaga,KT Jalan Klang Lama,,18,07/10/2025,31/03/2027,Commissioned,12/30/2016,,365,Manned,Private Security,
165,C165,Kuala Lumpur,6121,Kuala Lumpur Barat,PPU,PPU MSG 11KV / 33KV,,18,17/11/2025,11/05/2027,Commissioned,3/14/2019,,365,Unmanned,,"bc2fd958 , fbb1ea2a , daaf1953 , 1cd0e12a , 0abbe6ed , e1c187a2 , dd5459bf , 60316b7b-9c6a-4c3c-b6b5-a0e133668328 , 26b80fe9-7189-4f84-81aa-9226fd48535c"
166,C166,Kuala Lumpur,6121,Kuala Lumpur Barat,Kedai Tenaga,KT Kepong,,18,24/11/2025,18/05/2027,Commissioned,12/30/2016,,365,Manned,Private Security,
167,C167,Kuala Lumpur,6124,Kuala Lumpur Selatan,PMU SP,PMU Bukit Unggul,"2.865241, 101.743693",18,20/06/2025,12/12/2026,Commissioned,3/4/2024,3/4/2025,365,Manned,Auxilliary Police,"69e05f3a , 6cdb165d-6ab5-4ccf-a0b4-57c0fa89f9db , ab275f99-e1fe-4227-8ec7-e5dbd9d4de9f"
168,C168,Kuala Lumpur,6122,Kuala Lumpur Timur,PPU,PPU Taman Melati,"3.218906, 101.726228",18,11/11/2025,05/05/2027,Commissioned,3/1/2020,,365,Unmanned,,"b2611712 , 410b4db5 , f790d0d6-9ea2-4c65-b406-f793b0354151 , 77b8798b-6cd2-4e16-8955-50ea15b4ff8e"
169,C169,Kuala Lumpur,6123,Kuala Lumpur Pusat,PPU,PPU Bandar Baru Ampang,"3.145011, 101.764506",18,13/11/2025,07/05/2027,Commissioned,3/1/2020,,365,Unmanned,,"5f7f79c1 , 30610145-edac-49d5-9afe-11474686068f , fabfa7d4-ee03-47c1-8f3a-4ab097a1c0a4"
170,C170,Kuala Lumpur,6124,Kuala Lumpur Selatan,PPU,PPU 33/11KV KOMPLEKS SUKAN BUKIT JALIL,"3.051828, 101.695825",18,08/01/2024,01/07/2025,Commissioned,5/31/2024,5/31/2025,365,Unmanned,,"4faa4598 , a44c58cb , a48a495e , 4fdb84a6-3fae-4bbd-85d3-7dfc0ccde7bb"
171,C171,Kuala Lumpur,6121,Kuala Lumpur Barat,PPU,PPU 33/11KV SRI HARTAMAS,"3.159155, 101.650146",18,10/04/2025,02/10/2026,Commissioned,12/8/2024,12/8/2025,365,,,"4f722d51 , c94789a5 , cdffab53 , bfb7f4c7 , 3910c65d-719f-4405-8bbd-52b1ec08a709 , 33fee7be-0309-4bcf-8b61-a8b427491061"
172,C172,Kuala Lumpur,6103,P Putrajaya & Cyberj,PMU SP,PMU ABU BAKAR BAGINDA,"2.953490, 101.730907",18,23/12/2025,16/06/2027,Commissioned,3/31/2022,3/31/2023,365,Manned,Private Security,"5876c372 , 048add31 , 7db6928b , 4d815034 , e1faf948 , 6dbf6475 , 800d07d4 , 8c803d8a-7763-425a-bcba-357b78f5b9b0 , ca259cce-c93a-41a2-a5df-7dc4d8990fe7"
173,C173,Kuala Lumpur,6103,P Putrajaya & Cyberj,PPU,PPU Putrajaya 2,"2.951710, 101.684710",18,06/11/2025,30/04/2027,Commissioned,3/1/2020,,365,Unmanned,,"a32158c4-eeb2-4b76-9222-cef8592582f9 , 859322f8-edf2-47bf-aec7-7d6ac3e640ed"
174,C174,Kuala Lumpur,6103,P Putrajaya & Cyberj,PPU,PPU Cyberjaya 7,,18,29/10/2025,22/04/2027,Commissioned,3/1/2020,,365,Unmanned,,"0276a5cc , 3389b635"
175,C175,Kuala Lumpur,6103,P Putrajaya & Cyberj,PPU,PPU Putrajaya 1,"2.937003, 101.697214",18,06/11/2025,30/04/2027,Commissioned,3/1/2020,,365,Unmanned,,"0b1aa32f , cf156d9f-6024-4d71-b787-ee88c298cfc5 , 5994f41a-d834-4dff-8889-fdaf3d769733"
176,C176,Kuala Lumpur,6123,Kuala Lumpur Pusat,Control Centre,Pusat Kawalan Ibu Pejabat,"3.117608, 101.671141",18,03/10/2025,27/03/2027,Commissioned,,,,,,ac879600
177,C177,Kuala Lumpur,6122,Kuala Lumpur Timur,PPU,PPU 33 KV TAMAN MELAWATI,"3.208946, 101.753404",18,10/04/2025,02/10/2026,Commissioned,9/24/2024,9/24/2025,365,Unmanned,,"e4ec9f4e , 652510aa , 17e7e6fe , 06982f21-0489-47e0-a571-09899384d2b8 , 831acd7e-b11e-4c56-bdc6-fca23526b2d1"
178,C178,Kuala Lumpur,6103,P Putrajaya & Cyberj,Kedai Tenaga,KT Putrajaya,,18,18/11/2025,12/05/2027,Commissioned,12/30/2016,,365,Manned,Private Security,
179,C179,Kuala Lumpur,6121,Kuala Lumpur Barat,PPU,PPU Seri Edaran,,18,14/11/2025,08/05/2027,Commissioned,3/14/2019,,365,Unmanned,,"77f2b36a , 663eae6c , cffc668c-5526-4c35-b1fe-e8e01d9566ef , 3fda8f5d-bd73-4fd2-b4a7-d94ae4fe15ba"
180,C180,Kuala Lumpur,6122,Kuala Lumpur Timur,Warehouse,Stor Ulu Klang,,18,07/05/2024,29/10/2025,Commissioned,,,365,Manned,,"02131ac2-4ff2-42f2-a6d5-2a5b35c6667b , 3c0b66f4-4d99-4185-9c53-dd26df95c976"
181,C181,Kuala Lumpur,6122,Kuala Lumpur Timur,PPU,PPU Ulu Kelang,"3.171746, 101.752800",18,14/11/2025,08/05/2027,Commissioned,3/1/2020,,365,Unmanned,,"be846596 , 559ab64a-d7d0-4367-81b8-0a92cef59b65 , 8c276e58-1a3a-4fde-a4b4-47b761511f75"
182,C182,Melaka,6310,Melaka Tengah,PMU GIS,PMU GIS Bandar Melaka,"2.208532, 102.246301",18,13/08/2025,04/02/2027,Commissioned,3/12/2020,,365,Unmanned,,"b8d6d617 , 8b289a7a , 46f9ad38-7dfd-4971-9a1e-a9a0ba8b64e0 , fcd16a1a-fb1e-49a4-b118-1ed93b2dcb04"
183,C183,Melaka,6318,Merlimau,PMU GIS,PMU MERLIMAU,"2.143813, 102.426020",18,16/01/2026,10/07/2027,Commissioned,1/26/2022,1/26/2023,365,Unmanned,,"799200b2 , 58291ce3"
184,C184,Melaka,6315,Alor Gajah,Kedai Tenaga,KT Alor Gajah,,18,19/11/2025,13/05/2027,Commissioned,12/30/2016,,365,Manned,Private Security,
185,C185,Melaka,6316,Jasin,Kedai Tenaga,KT Jasin,,18,07/11/2025,01/05/2027,Commissioned,12/30/2016,,365,Manned,Private Security,
186,C186,Melaka,6310,Melaka Tengah,PPU,PPU 33/11 kV TAMAN TASEK UTAMA,"2.279943, 102.270083",18,19/06/2025,11/12/2026,Commissioned,6/21/2024,6/21/2025,365,Unmanned,,"ea59affd-68c3-439e-8cd9-c74b7ab3c9e0 , 2b49fbb5-1c17-44a6-b0e2-386b0d314999"
187,C187,Melaka,6310,Melaka Tengah,Kedai Tenaga,KT Bandar Melaka,,18,01/01/2020,24/06/2021,Decommissioned,12/30/2016,,365,Manned,Private Security,"4ae2baa7 , 552c9578-bbe7-45f9-9116-a46dc46674df , cdc20dd4-1fa8-4dd3-aad1-12644964235a"
188,C188,Melaka,6310,Melaka Tengah,PPU,PPU 33/11KV BANDAR HIJAU,"2.297288, 102.318409",18,25/04/2025,17/10/2026,Commissioned,,,365,,,a7bc0244
189,C189,Melaka,6317,Masjid Tanah,Kedai Tenaga,KT Masjid Tanah,,18,22/07/2025,13/01/2027,Commissioned,12/30/2016,,365,Manned,Private Security,"cb41fa41 , f1aa2b40-617c-4b8f-b7a5-e6e43926f8e2 , f1659c13-a71b-433f-8085-43f782694a69"
190,C190,Melaka,6310,Melaka Tengah,Kedai Tenaga,KT UTC Melaka,,18,22/10/2025,15/04/2027,Commissioned,12/30/2016,,365,Manned,Private Security,53c319a7
191,C191,Melaka,6310,Melaka Tengah,Kedai Tenaga,KT MITC,,18,16/05/2025,07/11/2026,Commissioned,12/30/2016,,365,Manned,Private Security,
192,C192,Melaka,6318,Merlimau,Kedai Tenaga,KT Merlimau,,18,16/10/2025,09/04/2027,Commissioned,12/30/2016,,365,Manned,Private Security,"b979c135 , 7f76170b , 3d08069d"
193,C193,Melaka,6310,Melaka Tengah,PMU GIS,PMU GIS MALIM JAYA,"2.232376, 102.230936",18,18/07/2024,09/01/2026,Commissioned,8/4/2023,7/4/2024,365,Unmanned,,
194,C194,Melaka,6310,Melaka Tengah,PPU,PPU 33/11KV TAMAN CEMPAKA,"2.216315, 102.243791",18,03/10/2024,27/03/2026,Commissioned,3/10/2024,3/10/2025,365,Unmanned,,"f0f24da1-cca1-434b-9890-60793b125645 , ee2d54e8-7d9d-4a14-9ab6-b213a8114018"
195,C195,Melaka,6310,Melaka Tengah,PPU,PPU 33/11KV ANGKASANURI,"2.283523, 102.252529",18,02/10/2024,26/03/2026,Commissioned,2/10/2024,2/10/2025,365,Unmanned,,"5aebcfd9-0d2f-450e-97f4-191864d5e1f1 , 8f1e3bfb-cff3-4325-a3bd-d4eb099fd252"
196,C196,Melaka,6310,Melaka Tengah,Bilik Senjata,Bilik Senjata MITC,,18,19/01/2025,13/07/2026,Commissioned,,,365,Manned,Auxilliary Police,"79e0d5b1 , 0c12fd15-298f-42b7-8049-e190952195e6 , 363b6515-a7a7-4fb0-a68a-14fccd9f0cb6"
197,C197,Melaka,6310,Melaka Tengah,PPU,PPU 33/11KV KLEBANG UTAMA,"2.217717, 102.195188",18,25/04/2025,17/10/2026,Commissioned,,,365,,,
198,C198,Melaka,6316,Jasin,Warehouse,Gudang Simpanan Jasin,,18,30/09/2025,24/03/2027,Commissioned,,,365,Manned,,"64ab4a28 , 35fa8d96 , ae44dbcd-a53d-4197-b0e9-5540771376dd , ba5e257f-7b5f-444e-8198-c73f6697f462"
199,C199,Melaka,6310,Melaka Tengah,PMU GIS,PMU Pulau Melaka,"2.180997, 102.248529",18,07/04/2025,29/09/2026,Commissioned,,,365,,,"13782585 , c8b67014 , f4a23c49"
200,C200,Melaka,6310,Melaka Tengah,PPU,PPU 33/11 kV KRUBONG,"2.285973, 102.239062",18,19/06/2025,11/12/2026,Commissioned,6/13/2024,6/13/2025,365,Unmanned,,"adce6a46-d2c4-4de3-8ec2-a15044fc0773 , 5f19db27-6dac-49ae-abff-8898b03d1656"
201,C201,Melaka,6310,Melaka Tengah,PPU,PPU 33/11KV KOTA LAKSAMANA,"2.197489, 102.229057",18,14/06/2024,06/12/2025,Commissioned,6/14/2024,6/14/2025,365,Unmanned,,"b4fca4da-347b-47e9-8ba3-527ff873b0f7 , 702a266a-9723-41ba-a6ea-d0119a712dab"
202,C202,Melaka,6310,Melaka Tengah,PPU,PPU 33/11 kV PULAU MELAKA,"2.179448, 102.255965",18,18/06/2025,10/12/2026,Commissioned,6/19/2024,6/19/2025,365,Unmanned,,"f6646967-9de7-4179-918f-e50aaefdeda4 , 34910b97-3206-4c66-8972-f2762a8f82a9"
203,C203,Melaka,6315,Alor Gajah,Pusat Peranginan,A Famosa Resort 2,"2.446793, 102.209214",18,15/10/2025,08/04/2027,Commissioned,,,365,Manned,Private Security,"a114cd31-c122-4a5d-8ab1-7a132ff03a1b , c34f9608-e513-4734-8bff-959ac0a57b2d"
204,C204,Melaka,6317,Masjid Tanah,PMU SP,PMU 500KV ALOR GAJAH,"2.353605, 102.052533",18,17/07/2024,08/01/2026,Commissioned,12/4/2023,11/4/2024,365,Manned,Auxilliary Police,"5e581ca4 , 10a484c5 , 7a428623-d3bf-4e19-a0c7-69c2c0c2e469 , 9f1f894e-9f24-4184-b21b-b821fa5582c1"
205,C205,Melaka,6315,Alor Gajah,Pusat Peranginan,A Famosa Resort 3,"2.446818, 102.209227",18,15/10/2025,08/04/2027,Commissioned,,,365,Manned,Private Security,"00fccef1-1958-4600-87fc-98fa51b6882a , 86a0fe38-40a7-4e38-b2d1-ab86c9767114"
206,C206,Melaka,6315,Alor Gajah,Pusat Peranginan,A Famosa Resort 1,"2.446818, 102.209227",18,15/10/2025,08/04/2027,Commissioned,,,365,Manned,Private Security,fb23ae9d-fa7f-494f-838c-499499c4136d
207,C207,Melaka,6310,Melaka Tengah,PMU GIS,PMU Batu Berendam,"2.236339, 102.248105",18,10/10/2025,03/04/2027,Commissioned,3/7/2024,3/7/2025,365,Unmanned,,"434ea875 , 9f74f916 , 494f7ad0 , 934b564a-73af-4d0d-9afa-309376dd1c93 , 906de7ec-4641-44f0-a427-72d2ea724226"
208,C208,Melaka,6315,Alor Gajah,PPU,PPU 33/11 kV PAYA RUMPUT,"2.295743, 102.215456",18,18/06/2025,10/12/2026,Commissioned,12/6/2024,12/6/2025,365,Unmanned,,"74b4e1f9-d7b4-47cb-a5d1-3406f94cbb0e , 5ca7880c-d4c6-4880-a59c-1555a9ae2666"
209,C209,Melaka,6310,Melaka Tengah,Warehouse,Stor Bukit Rambai,,18,01/10/2025,25/03/2027,Commissioned,,,365,Manned,,"6972dc1b-59c1-4cdb-9da6-2a62f6979956 , 1821f673-6dec-476e-8c6c-4c22a347b546"
210,C210,Melaka,6315,Alor Gajah,PPU,PPU 33/11 kV PENGKALAN ALOR GAJAH,"2.384358, 102.220539",18,20/06/2025,12/12/2026,Commissioned,11/6/2024,11/6/2025,365,Unmanned,,"20d6efe6 , d338493d , 3c34544f-20b5-4c88-8e1b-4146d357910f"
211,C211,Melaka,6310,Melaka Tengah,PPU,PPU 33/11KV KOTA MUZAFFAR HEIGHT,"2.254508, 102.285497",18,03/10/2024,27/03/2026,Commissioned,6/20/2024,6/20/2025,365,Unmanned,,"b4fb4169-f6c6-4255-991f-f930d2268768 , d1e26587-9c77-4a16-9270-32fa71378684"
212,C212,Negeri Sembilan,6320,Seremban,PPU,PPU 33/11KV SEREMBAN HEIGHTS 2,"2.719953, 101.889825",18,27/09/2025,21/03/2027,Commissioned,7/6/2024,7/6/2025,365,Unmanned,,4d96e284
213,C213,Negeri Sembilan,6320,Seremban,Kedai Tenaga,KT Seremban,,18,21/10/2025,14/04/2027,Commissioned,12/30/2016,,365,Manned,Private Security,"181fa873 , 2b07d5e0"
214,C214,Negeri Sembilan,6324,Port Dickson,Bilik Senjata,Bilik Senjata SJTJ,"2.530441, 101.791824",18,01/01/2020,24/06/2021,Commissioned,,,365,,,
215,C215,Negeri Sembilan,6326,Nilai,Kedai Tenaga,KT Bandar Baru Nilai,"2.828871, 101.786087",18,18/09/2025,12/03/2027,Commissioned,12/30/2016,,365,Manned,Private Security,57d6a473
216,C216,Negeri Sembilan,6324,Port Dickson,Pusat Peranginan,Banglo Port Dickson 4,,18,18/12/2025,11/06/2027,Commissioned,,,365,Manned,Private Security,"b3ba1dbc-4a39-470d-9dd7-568a53c9c98c , 8053819a-3060-45f8-8f42-618a40c15b04"
217,C217,Negeri Sembilan,6324,Port Dickson,Kedai Tenaga,KT Port Dickson,,18,21/10/2025,14/04/2027,Commissioned,12/30/2016,,365,Manned,Private Security,"9b65e385 , 3c24958e , 01283bf6-9be4-435c-8788-1e5b5f416d00 , 200c593e-1543-47ef-bf81-3131d065a02b"
218,C218,Negeri Sembilan,6324,Port Dickson,Pusat Peranginan,Banglo Port Dickson 5,,18,18/12/2025,11/06/2027,Commissioned,,,365,Manned,Private Security,"71ad8728-74d2-49cd-bfa3-00d29b78e54a , cf750450-224f-4b21-b573-8649fc8fd523"
219,C219,Negeri Sembilan,6324,Port Dickson,Pusat Peranginan,Banglo Port Dickson 1,,18,18/12/2025,11/06/2027,Commissioned,,,365,Manned,Private Security,"dac8c42a-ffe2-42d0-91b2-a3bd5e31b51c , 418d94d9-bcdb-477b-87b9-c74fbc6af6e1"
220,C220,Negeri Sembilan,6328,Bahau,PMU SP,PMU Bahau South,"2.765040, 102.505624",18,10/12/2025,03/06/2027,Commissioned,2/20/2024,2/19/2025,365,Manned,Auxilliary Police,"39aa8913 , cd7b44d3"
221,C221,Negeri Sembilan,6324,Port Dickson,Pusat Peranginan,Banglo Port Dickson 2,,18,18/12/2025,11/06/2027,Commissioned,,,365,Manned,Private Security,"1cb6ec8f-794f-417a-92d5-f89e1efbdc6f , b7e5d978-a9f5-42e5-bab9-2cbfdbfdb0b7"
222,C222,Negeri Sembilan,6324,Port Dickson,Pusat Peranginan,"Pusat Peranginan TNB, PD",,18,31/10/2025,24/04/2027,Commissioned,,,365,Manned,Private Security,"9829a347 , 98a546ce , 762906dd-8c17-4302-b24b-ebc1ad285533 , 66e3eead-827a-4d1e-a1b5-6f0dd5b3e8de"
223,C223,Negeri Sembilan,6320,Seremban,PPU,PPU 33/11KV SENDAYAN TECH VALLEY NO 1,"2.676472, 101.837268",18,27/09/2024,21/03/2026,Commissioned,6/6/2024,6/6/2025,365,Unmanned,,
224,C224,Negeri Sembilan,6324,Port Dickson,Pusat Peranginan,Banglo Port Dickson 3,,18,18/12/2025,11/06/2027,Commissioned,,,365,Manned,Private Security,"992e8987-dcab-4b3a-9c6c-9821184803fe , 4f704c85-5d2e-4668-9b40-7dbce589a34e"
225,C225,Negeri Sembilan,6324,Port Dickson,Stesen Janakuasa,Power Station Tuanku Jaafar,"2.530660, 101.791873",18,31/12/2024,24/06/2026,Commissioned,,,365,Manned,Auxilliary Police,3770acc9
226,C226,Negeri Sembilan,6324,Port Dickson,Pusat Peranginan,Banglo Port Dickson 6,,18,18/12/2025,11/06/2027,Commissioned,,,365,Manned,Private Security,"819a745f-f488-44ac-9615-34c77c5d44bd , 00ec1c9d-6fd6-42f7-b682-e1f0de59c30f"
227,C227,Negeri Sembilan,6327,Kuala Pilah,Kedai Tenaga,KT Kuala Pilah,,18,25/11/2025,19/05/2027,Commissioned,12/30/2016,,365,Manned,Private Security,
228,C228,Negeri Sembilan,6322,Kuala Kelawang,Kedai Tenaga,KT Kuala Klawang,,18,26/11/2025,20/05/2027,Commissioned,12/30/2016,,365,Manned,Private Security,
229,C229,Negeri Sembilan,6326,Nilai,PMU SP,PMU Lenggeng,"2.884202, 101.927369",18,20/08/2024,11/02/2026,Commissioned,,,365,Manned,Auxilliary Police,"38d0385c , 36e841a5-6fe3-41d0-8d2b-0941171b2a1a , 3416d203-3de0-4bc5-a89e-ae101e02235f"
230,C230,Negeri Sembilan,6324,Port Dickson,PPU,PPU 33/11 kV Springhill,"2.593203, 101.854762",18,23/06/2025,15/12/2026,Commissioned,7/26/2024,7/26/2025,365,,,"130d4c10-f787-4e8b-8d1f-37f319f4c720 , 76d289e3-2692-4133-9c82-b9d0b3d31c3c"
231,C231,Negeri Sembilan,6329,Gemas,Kedai Tenaga,KT Gemas,,18,20/11/2025,14/05/2027,Commissioned,12/30/2016,,365,Manned,Private Security,"b87578ae-72f0-41cc-927b-ad5e42bb5bae , ab1ab133-0d46-42a8-9cf7-366bb46e02d5"
232,C232,Negeri Sembilan,6328,Bahau,Kedai Tenaga,KT Jempol,,18,21/11/2025,15/05/2027,Commissioned,12/30/2016,,365,Manned,Private Security,"dc8eeab6-7c1d-47d3-9475-b3bcb21807a1 , 8ca15f50-1e71-4b87-95e8-6d8ac119bd16"
233,C233,Negeri Sembilan,6324,Port Dickson,Warehouse,Stor SJTJ,,18,01/01/2020,24/06/2021,Commissioned,,,365,Manned,,ace74274-e388-49c2-ba22-4397a5d4a3c9
234,C234,Negeri Sembilan,6324,Port Dickson,Warehouse,Stor Port Dickson,,18,02/10/2025,26/03/2027,Commissioned,,,365,Manned,,e59b07ca-c288-483c-b339-67324cc8fddf
235,C235,Negeri Sembilan,6327,Kuala Pilah,Warehouse,Stor Kuala Pilah,,18,02/10/2025,26/03/2027,Commissioned,,,365,Manned,,"49150e0b-c6ef-47ec-86ea-c830fbb983ce , 8a55181c-5309-4191-8b66-b89b2f3677dc"
236,C236,Negeri Sembilan,6326,Nilai,PPU,PPU 33KV NILAI UTAMA,"2.853098, 101.795969",18,02/06/2023,23/11/2024,Commissioned,,,365,,,fbee6472
237,C237,Negeri Sembilan,6321,Tampin,Kedai Tenaga,KT Tampin,,18,20/11/2025,14/05/2027,Commissioned,12/30/2016,,365,Manned,Private Security,1184940c-c560-41f4-bfdd-00d516372387
238,C238,Negeri Sembilan,6325,Rembau,Kedai Tenaga,KT Rembau,,18,20/11/2025,14/05/2027,Commissioned,12/30/2016,,365,Manned,Private Security,"71e81df9 , 36c75094-cc85-4009-891c-d943da30007a"
239,C239,Negeri Sembilan,6320,Seremban,PPU,PPU 33/11KV SIKAMAT,"2.729106, 101.955981",18,11/04/2025,03/10/2026,Commissioned,6/24/2024,6/24/2025,365,Unmanned,,c0167d1c
240,C240,Negeri Sembilan,6320,Seremban,PPU,PPU33/11KV INDUSTRI SENAWANG,"2.684024, 101.982819",18,26/09/2024,20/03/2026,Commissioned,5/6/2024,5/6/2025,365,Unmanned,,
241,C241,Negeri Sembilan,6326,Nilai,PPU,PPU 33KV TECHPARK@ENSTEK,"2.729986, 101.765896",18,11/04/2025,03/10/2026,Commissioned,,,365,,,"f6a54269 , 39ce0787"
242,C242,Negeri Sembilan,6320,Seremban,PMU GIS,PMU GIS KILAT,"2.736633, 101.944704",18,21/08/2024,12/02/2026,Commissioned,8/2/2023,8/2/2024,365,Unmanned,,"ec1c280e , 5b578a21 , 2e7668a1 , d63e17a3 , 5533e02c"
243,C243,Negeri Sembilan,6326,Nilai,PPU,"PPU KPM BANDAR ENSTEK, NILAI","2.720982, 101.788567",18,11/04/2025,03/10/2026,Commissioned,,,365,,,
244,C244,Pahang,6420,Kuantan,PPU,PPU Putra Square,"3.819446, 103.327668",18,,,New,,,,,,dec7cc9c
245,C245,Pahang,6425,Bandar Muadzam Shah,PPU,PPU 33/11KV BANDAR TUN RAZAK,"2.915478, 102.882780",18,20/02/2024,13/08/2025,Commissioned,,,365,,,52b1c50a
246,C246,Pahang,6420,Kuantan,PPU,"PPU 33/11KV KOTA SAS, KUANTAN","3.868502, 103.267899",18,26/08/2024,17/02/2026,Commissioned,8/26/2024,8/26/2025,365,Unmanned,,"70e15d14 , 39bff1fe-4123-4e88-b4f6-22f3ba80d649 , 3bb70102-1bd9-43d7-9e03-18e3d11e36dd"
247,C247,Pahang,6451,Maran,PMU SP,PMU Kg Awah,"3.475644, 102.507431",18,12/08/2024,03/02/2026,Commissioned,,,365,Manned,Auxilliary Police,"c6c8da02 , e4cdf628-3526-4bb5-bff1-ebaa3a9d6c0b"
248,C248,Pahang,6420,Kuantan,PPU,PPU 33/11kV PERAMU,"3.764337, 103.316006",18,23/12/2024,16/06/2026,Commissioned,8/28/2024,8/28/2025,365,Unmanned,,"1f939084 , cdb850da , 921512a3-c194-4a7f-8e96-50ecf6651978 , 6617ba39-0947-4bff-8b9b-177dbe7ee0ab"
249,C249,Pahang,6431,Bentong,PMU SP,PMU Bentong South (REHAB),"3.473381, 101.923887",18,15/07/2025,06/01/2027,Commissioned,,,365,Manned,Auxilliary Police,
250,C250,Pahang,6420,Kuantan,PPU,"PPU 33/11KV BANDAR INDERA MAHKOTA (IMAH), KUANTAN","3.834985, 103.293750",18,05/05/2025,27/10/2026,Commissioned,,,365,,,25e6f290
251,C251,Pahang,6424,Rompin,PPU,PPU 33/11KV TANJUNG GEMOK,"2.674250, 103.606351",18,18/12/2024,11/06/2026,Commissioned,,,365,,,"0360af41 , 8ab3b9da"
252,C252,Pahang,6420,Kuantan,PPU,"PPU 33/11KV TG. PASIR, KUANTAN","3.861397, 103.250673",18,16/02/2024,09/08/2025,Commissioned,8/27/2024,8/27/2025,365,Unmanned,,"9e8f1f55 , 3e8973ec-226d-41b7-917f-610efb590501 , 3ef6862d-a900-4546-8976-0dcd281e0df6"
253,C253,Pahang,6424,Rompin,PPU,PPU 33/11 KV ROMPIN,"2.836403, 103.438339",18,20/02/2024,13/08/2025,Commissioned,,,365,,,
254,C254,Pahang,,,Pusat Peranginan,Banglo Cameron Highland 1,,18,,,New,,,365,Manned,Private Security,"57c53f29-8146-4b7f-8d78-416ee3d68ed4 , 4225c0f5-3085-428c-8758-087e6c178a5b"
255,C255,Pahang,6420,Kuantan,PPU,PPU 33/11 KV SEMAMBU,"3.859122, 103.324046",18,16/02/2024,09/08/2025,Commissioned,8/29/2024,8/29/2025,365,Unmanned,,"25657220 , 6baeae4e , f8d2e10e , 7c60bf6f , f3c8190b , 4d47211e , 43bf560e-335e-488b-b727-454dc9907755"
256,C256,Pahang,6433,Kuala Lipis,Kedai Tenaga,KT Kuala Lipis,,18,05/11/2025,29/04/2027,Commissioned,12/30/2016,,365,Manned,Private Security,"286671c2-b2f9-4292-9983-7bb6a3efb496 , 4eecea78-17cf-42cf-a93c-c7d37a60f0e2"
257,C257,Pahang,6430,Raub,Kedai Tenaga,KT Raub,,18,04/11/2025,28/04/2027,Commissioned,12/30/2016,,365,Manned,Private Security,"65735383-2a12-4c77-92c6-77cec327f53c , 2cd4cb14-9dd0-4870-a0ac-8f52666fa105"
258,C258,Pahang,6431,Bentong,Kedai Tenaga,KT Bentong,"3.526490, 101.907428",18,03/11/2025,27/04/2027,Commissioned,12/30/2016,,365,Manned,Private Security,"b4efe17f , 7199d922-d7c3-417b-834f-6a8c07085ca0 , 99cffbc7-eb53-4c4f-9b86-199bbceaed4b"
259,C259,Pahang,6454,Triang,Kedai Tenaga,KT Triang (Bera),"3.269874, 102.456373",18,28/10/2025,21/04/2027,Commissioned,12/30/2016,,365,Manned,Private Security,"47d38f86-3e1c-4098-a76d-c62b08ce42ca , 79552f25-af21-4a53-93d2-ced363d13e1b"
260,C260,Pahang,6422,Pekan,Warehouse,Stor Pekan,,18,30/03/2023,20/09/2024,Commissioned,,,365,Manned,,"7389985d-3deb-48e1-a2a5-c4f27721e342 , 12d89574-0cdb-446e-bf2a-a1ed956fc56a"
261,C261,Pahang,6453,Jerantut,Kedai Tenaga,KT Jerantut,,18,27/10/2025,20/04/2027,Commissioned,12/30/2016,,365,Manned,Private Security,"e2893146-1abe-43ad-a746-eb530ebd2954 , 3743b765-c2ce-4dce-9200-b7f05b72f699"
262,C262,Pahang,6452,Jengka,Kedai Tenaga,KT Jengka,"3.765717, 102.543380",18,12/01/2026,06/07/2027,Commissioned,12/30/2016,,365,Manned,Private Security,"0bf5d2d6 , 210447aa-8f15-4620-bef0-6044ce932008 , c959dfed-1550-4d70-8bbf-73caae880018"
263,C263,Pahang,6450,Temerloh,Kedai Tenaga,KT Temerloh,,18,29/10/2025,22/04/2027,Commissioned,12/30/2016,,365,Manned,Private Security,"187067fc , 09328a3e-b7c5-4926-bd53-591f4c3a3594 , c1107325-3188-4453-84ed-fa7928c70e2d"
264,C264,Pahang,6420,Kuantan,Kedai Tenaga,KT Kuantan,,18,22/10/2025,15/04/2027,Commissioned,12/30/2016,,365,Manned,Private Security,"e6b81350-666e-4ea9-8479-598dda1a4ad9 , 62d2be67-d27d-4141-9628-c9c49f418ebc"
265,C265,Pahang,6420,Kuantan,Kedai Tenaga,KT UTC Kuantan,,18,27/10/2025,20/04/2027,Commissioned,12/30/2016,,365,Manned,Private Security,"d5481e3f-22c3-498c-9327-790f3a2f4f25 , 81847228-c24a-4789-9050-d38a90365893"
266,C266,Pahang,6422,Pekan,Kedai Tenaga,KT Pekan,,18,31/10/2025,24/04/2027,Commissioned,12/30/2016,,365,Manned,Private Security,"86845bd5-6652-4f50-bb59-904657857ade , 407d4c53-35d2-43e8-988c-b9f833b29cc7"
267,C267,Pahang,6420,Kuantan,Warehouse,Stor Kuantan North,,18,01/01/2020,24/06/2021,Commissioned,,,365,Manned,,"10a77053-9e18-4f76-8f7d-4b7648199eaf , 6ff8bc5d-5416-4fa7-b34e-2e0181bc7fe9"
268,C268,Pahang,6425,Bandar Muadzam Shah,Kedai Tenaga,KT Muadzam Shah,,18,30/10/2025,23/04/2027,Commissioned,12/30/2016,,365,Manned,Private Security,"9093b694-04ff-4582-9307-c3ecf8200b34 , 9861257f-d57d-46ea-8bee-90a6a0aaae09"
269,C269,Pahang,6424,Rompin,Kedai Tenaga,KT Kuala Rompin,,18,30/10/2025,23/04/2027,Commissioned,12/30/2016,,365,Manned,Private Security,
270,C270,Pahang,6430,Raub,Warehouse,Stor Raub,,18,31/03/2023,21/09/2024,Commissioned,,,365,Manned,,"6d21c80f-54a1-4494-beb3-70afe0aa4706 , 40e864ed-93ef-48f9-ae35-77e6102eb8f7"
271,C271,Pahang,6215,Cameron Highlands,Kedai Tenaga,KT Cameron Highland,,18,06/11/2025,30/04/2027,Commissioned,12/30/2016,,365,Manned,Private Security,
272,C272,Pahang,6451,Maran,Kedai Tenaga,KT Maran,,18,22/10/2025,15/04/2027,Commissioned,12/30/2016,,365,Manned,Private Security,"c9b5cf07-ee5d-4d77-bc72-8b0ade990f41 , db556216-115b-4802-a95d-aa38d6605b33"
273,C273,Pahang,6420,Kuantan,Pusat Peranginan,Banglo Kuantan,"3.812462, 103.353685",18,30/09/2025,24/03/2027,Commissioned,,,365,Manned,Private Security,"0f4c7096-e0e1-4604-b2ed-693cba5a6c19 , 86e93076-fe5c-4e24-ae4d-fddeae1bb827"
274,C274,Pahang,,,Pusat Peranginan,Fraser Hill 1,,18,26/09/2025,20/03/2027,Commissioned,,,365,Manned,Private Security,"90f0217c-6e28-4fda-9ad8-25cc470db826 , 53e3fa70-de10-447a-8f8a-002b5f3e3eec"
275,C275,Pahang,,,Pusat Peranginan,Fraser Hill 3,,18,26/09/2025,20/03/2027,Commissioned,,,365,Manned,Private Security,"c35061da-f3c4-42b4-92dd-21992aa5f817 , 73dd0177-415d-4187-b1eb-00dcb73bdff0"
276,C276,Pahang,6450,Temerloh,Warehouse,Stor Temerloh,,18,08/10/2025,01/04/2027,Commissioned,,,365,Manned,,
277,C277,Pahang,,,Pusat Peranginan,Fraser Hill 2,,18,26/09/2025,20/03/2027,Commissioned,,,365,Manned,Private Security,"0ad0d8c4-3f21-4973-ae1b-d0ff682d9495 , 4f933a8c-4a8b-41e9-a57e-45c5cfae044c"
278,C278,Pahang,6215,Cameron Highlands,Pusat Peranginan,Cahaya Osmaniah,"4.492466, 101.380282",18,,,New,,,,,,"426abf64 , 76630157"
279,C279,Pahang,6215,Cameron Highlands,Pusat Peranginan,Cahaya Tanah Rata,"4.473152, 101.374440",18,,,New,,,,,,91b94fe5
280,C280,Pahang,6420,Kuantan,Bilik Senjata,Bilik Senjata Kuantan,,18,21/01/2025,15/07/2026,Commissioned,,,365,Manned,Auxilliary Police,"10aeff67-0ec9-4d42-aa33-8ed667f6ef40 , 1825eeef-cca1-4578-9c92-3915e70c0687"
281,C281,Pahang,6215,Cameron Highlands,Pusat Peranginan,Cahaya Sharples,"4.485266, 101.374796",18,,,New,,,,,,009bc5d7
282,C282,Pahang,6420,Kuantan,Warehouse,Stor Kuantan - Semambu,,18,08/10/2025,01/04/2027,Commissioned,,,365,Manned,,
283,C283,Pahang,6420,Kuantan,Pejabat TNB,Wisma Kuantan,,18,28/08/2025,19/02/2027,Commissioned,,,365,Manned,,"f6007488-60de-4049-99c8-6bfab247be12 , d8e4c7d6-66be-474a-82ae-b2035d0f1183"
284,C284,Pahang,6426,Gebeng,Kedai Tenaga,KT Gebeng,,18,12/12/2025,05/06/2027,Commissioned,12/30/2016,,365,Manned,Private Security,"a5789667-34f9-4d7b-b107-fb33810d5020 , 255af8f0-c58f-4242-aae4-c3488e4924a3"
285,C285,Pahang,,,Pusat Peranginan,Banglo Cameron Highland 2,,18,,,New,,,365,Manned,Private Security,"255f8e41-66ef-4861-beea-0cd54770ae43 , cf8aca05-6e5f-4ac5-86da-4d5507b94d3e"
286,C286,Pahang,6454,Triang,PPU,PPU 33/11kV BERA,"3.252303, 102.606271",18,19/12/2024,12/06/2026,Commissioned,7/16/2024,7/16/2025,365,Unmanned,,"033d05f4-d209-433e-9632-6a274c651c78 , 3d764c37-ede8-4ba4-ab81-789adcbc24f6"
287,C287,Pahang,6424,Rompin,PPU,PPU 33/kV SUMMERSET RESORT,"2.926226, 103.420990",18,19/12/2024,12/06/2026,Commissioned,7/18/2024,7/18/2025,365,Unmanned,,"188f0b2e , 565c9362 , 1d3257ca-cd63-4c1a-99f1-9389ee4674c0 , ced4e506-4dc8-4f38-8813-d9d6a8e0bde0"
288,C288,Perak,6250,Teluk Intan,Kedai Tenaga,KT Teluk Intan,,18,12/11/2025,06/05/2027,Commissioned,12/30/2016,,365,Manned,Private Security,"f2e2e0fc-8d2a-4834-adf7-23b705e8c4e9 , 6db3f3a0-d5fb-4b27-b955-ddada1729adb"
289,C289,Perak,6223,Grik,Kedai Tenaga,KT Gerik,,18,24/10/2025,17/04/2027,Commissioned,12/30/2016,,365,Manned,Private Security,"652c4ade-e52e-4bb7-90a2-b55d398b40cb , b417e47e-3dcb-4a39-a77c-40c86f432c9d"
290,C290,Perak,6211,Kampar,Kedai Tenaga,KT Kampar,"4.326996, 101.145614",18,23/10/2025,16/04/2027,Commissioned,12/30/2016,,365,Manned,Private Security,"b0521028 , 9b338599-707c-4956-94c9-dca2c6059fac , 85684e36-9517-4d73-bf58-232b993a1ac9"
291,C291,Perak,3600,Selama,Kedai Tenaga,KT Selama,,18,12/11/2025,06/05/2027,Commissioned,12/30/2016,,365,Manned,Private Security,91b3705d
292,C292,Perak,6220,Taiping,Kedai Tenaga,KT Taiping,,18,27/11/2025,21/05/2027,Commissioned,12/30/2016,,365,Manned,Private Security,
293,C293,Perak,6225,Sg Siput Utara,Kedai Tenaga,KT Sungai Siput (U),,18,24/10/2025,17/04/2027,Commissioned,12/30/2016,,365,Manned,Private Security,
294,C294,Perak,6210,Ipoh,Kedai Tenaga,KT Ipoh - Lahat,,18,12/11/2025,06/05/2027,Commissioned,12/30/2016,,365,Manned,Private Security,17c402c1
295,C295,Perak,6210,Ipoh,Warehouse,Stor lpoh,,18,09/11/2023,02/05/2025,Commissioned,,,365,Manned,,"535a36fe , 83490893-09e9-4cbe-8af9-dcfc0f44d366"
296,C296,Perak,6213,Behrang,Kedai Tenaga,KT Tanjung Malim,"3.693939, 101.517992",18,13/11/2025,07/05/2027,Commissioned,12/30/2016,,365,Manned,Private Security,
297,C297,Perak,6250,Teluk Intan,Warehouse,Stor Teluk lntan,,18,04/10/2024,28/03/2026,Commissioned,,,365,Manned,,c5001caa-22f7-47b3-b287-13828f7add8e
298,C298,Perak,6220,Taiping,Warehouse,Stor Taiping,,18,03/10/2024,27/03/2026,Commissioned,,,365,Manned,,"0c207c48-edc7-4c97-84ac-012f16a09c5c , 874a1b17-215c-4401-a246-0bbf5e2ee64d"
299,C299,Perak,6219,Ulu Kinta,Kedai Tenaga,KT Ulu Kinta,,18,03/12/2025,27/05/2027,Commissioned,12/30/2016,,365,Manned,Private Security,"e4f69de5-a8df-438c-8fd5-e2eb96b0f5b4 , d67068e6-90c1-4fa7-8ddf-77973fe888dd"
300,C300,Perak,6222,Kuala Kangsar,Kedai Tenaga,KT Kuala Kangsar,,18,04/12/2025,28/05/2027,Commissioned,12/30/2016,,365,Manned,Private Security,
301,C301,Perak,6014,Slim River,Kedai Tenaga,KT Slim River,,18,18/11/2025,12/05/2027,Commissioned,12/30/2016,,365,Manned,Private Security,
302,C302,Perak,6227,Seri Manjung,Kedai Tenaga,KT Seri Manjung,,18,11/11/2025,05/05/2027,Commissioned,12/30/2016,,365,Manned,Private Security,
303,C303,Perak,6225,Sg Siput Utara,PMU GIS,"PMU GIS, NEW KHANTAN","4.755671, 101.119377",18,08/01/2025,02/07/2026,Commissioned,3/20/2023,3/19/2024,365,Unmanned,,"689f489b , 753d39c3 , ee6b6e07 , 0cbaafef , 17e95f13-0c1f-40d1-91fb-d1588b467e54"
304,C304,Perak,6210,Ipoh,PMU GIS,"PMU GIS, MENGLEMBU","4.571913, 101.055540",18,07/01/2025,01/07/2026,Commissioned,2/28/2023,2/28/2024,365,Unmanned,,"f1f1bb10 , 7482c949"
305,C305,Perak,6210,Ipoh,PMU GIS,PMU GIS SILIBIN,"4.611336, 101.064795",18,06/01/2025,30/06/2026,Commissioned,2/27/2023,2/27/2024,365,Unmanned,,a13120af
306,C306,Perak,6210,Ipoh,PMU GIS,PMU KAMPUNG JAWA,"4.599650, 101.080610",18,08/12/2025,01/06/2027,Commissioned,2/14/2022,2/14/2023,365,Unmanned,,"0b833e6f , 8fed1a64 , 409fb08b , 291803b5 , 621238d9"
307,C307,Perak,6227,Seri Manjung,PPU,PPU 33 KV PANTAI REMIS,,18,18/10/2024,11/04/2026,Commissioned,6/28/2024,6/28/2025,365,Unmanned,,"891b937a , 740a9b16-1c79-4c00-ab60-faf831f206ca , 76d23946-4ba8-4cbe-b976-f6891c1aab4e"
308,C308,Perak,6210,Ipoh,PPU,"PPU MERU RAYA 33/11KV, IPOH","4.668950, 101.070557",18,13/06/2023,04/12/2024,Commissioned,6/27/2024,6/27/2025,365,,,"5aad9c2a-4d26-4afb-9a8e-87f083a4663e , 4ca7aa41-5032-4611-9b26-b6aee3631a79"
309,C309,Perak,6210,Ipoh,PPU,"PPU 33KV JELAPANG INDUSTRI, IPOH",,18,18/04/2025,10/10/2026,Commissioned,8/11/2024,8/11/2025,365,,,51b4190a
310,C310,Perak,6210,Ipoh,PMU GIS,PMU GREENTOWN,"4.600591, 101.098206",18,08/12/2026,31/05/2028,Commissioned,12/1/2022,12/1/2023,365,Unmanned,,"bce41285 , fc412967 , 44feccc0 , f9e88a3f , 387104fd"
311,C311,Perak,6210,Ipoh,PPU,"PPU 33 KV SIMPANG PULAI, PERAK","4.525418, 101.124117",18,18/04/2025,10/10/2026,Commissioned,7/11/2024,7/11/2025,365,,,1deb36fb
312,C312,Perak,6227,Seri Manjung,PMU SP,PMU Ayer Tawar (REHAB),"4.327658, 100.786927",18,12/06/2025,04/12/2026,Commissioned,,,365,Manned,Auxilliary Police,0a5a7102
313,C313,Perak,6218,Parit,Kedai Tenaga,KT Seri Iskandar (Parit),,18,11/11/2025,05/05/2027,Commissioned,12/30/2016,,365,Manned,Private Security,
314,C314,Perak,6221,Batu Gajah,Kedai Tenaga,KT Batu Gajah,,18,04/12/2025,28/05/2027,Commissioned,12/30/2016,,365,Manned,Private Security,
315,C315,Perak,6210,Ipoh,PPU,PPU 33/11KV MALAYSINO,"4.548595, 101.046549",18,11/10/2024,04/04/2026,Commissioned,11/10/2024,11/10/2025,365,Unmanned,,"922bcff5 , 6d5b9848 , eac8cb30-4ca0-48de-ad61-cceaa79c542a , 3aa0ba90-e2c1-42d8-8015-012f6ddef310"
316,C316,Perak,6212,Bidor,Kedai Tenaga,KT Bidor,,18,13/11/2025,07/05/2027,Commissioned,12/30/2016,,365,Manned,Private Security,
317,C317,Perak,6013,Tapah,Kedai Tenaga,KT Tapah,,18,13/11/2025,07/05/2027,Commissioned,12/30/2016,,365,Manned,Private Security,"36ee6879-846b-40d8-8ce1-4e943abde60c , 064eff4b-88bc-43a6-b898-8b913bb24626"
318,C318,Perak,6223,Grik,PPU,PPU BANDING ( CASE SERANGAN GAJAH ),"5.543322, 101.328832",18,14/10/2024,07/04/2026,Commissioned,10/14/2024,10/14/2025,365,Unmanned,,"19d33d44 , b4bbf0e2 , 85d7ee5c-73f8-46ca-a24e-f89257e6414a , baf21911-2610-491d-b243-e67e3d4dd351"
319,C319,Perak,6252,Hutan Melintang,Kedai Tenaga,KT Hutan Melintang,,18,12/11/2025,06/05/2027,Commissioned,12/30/2016,,365,Manned,Private Security,
320,C320,Perak,6210,Ipoh,Kedai Tenaga,KT UTC Ipoh,,18,12/11/2025,06/05/2027,Commissioned,12/30/2016,,365,Manned,Private Security,0086b54e
321,C321,Perak,6224,Bagan Serai,Kedai Tenaga,KT Bagan Serai,,18,12/11/2025,06/05/2027,Commissioned,12/30/2016,,365,Manned,Private Security,
322,C322,Perak,6210,Ipoh,PMU GIS,PMU GIS TASEK CEMENT,"4.634615, 101.101774",18,09/01/2025,03/07/2026,Commissioned,3/21/2023,3/20/2024,365,Unmanned,,"fbfd3579 , 37acab4f , 2d243860"
323,C323,Perlis,6201,Perlis,Pejabat TNB,Wisma Kangar,,18,10/09/2024,04/03/2026,Commissioned,,,365,Manned,,92a37922-1354-4609-880d-5a0659a7dafe
324,C324,Perlis,6201,Perlis,PMU SP,PMU Chuping,"6.487398, 100.282558",18,06/08/2024,28/01/2026,Commissioned,,,365,Manned,Auxilliary Police,"1ff46468-ec6f-4f94-92ce-04117e989dc0 , 4c186f1d-3660-4a71-9298-5299781a6f57"
325,C325,Perlis,6201,Perlis,Kedai Tenaga,KT Kangar,,18,19/01/2026,13/07/2027,Commissioned,12/30/2016,,365,Manned,Private Security,"d4f1aa24 , 175fac0c"
326,C326,Pulau Pinang,6231,Seberang Jaya,PPU,PPU 33/11KV DELL,"5.340728, 100.441187",18,15/10/2024,08/04/2026,Commissioned,6/21/2024,6/21/2025,365,Unmanned,,"836f3501 , 1f0eb308-9735-49ed-8078-da857ad1ff93 , 125c58db-aa15-4c62-9276-24174a07d9a8"
327,C327,Pulau Pinang,6231,Seberang Jaya,PPU,"PPU 33/11 KV STC, BUTTERWORTH","5.401024, 100.366356",18,15/10/2024,08/04/2026,Commissioned,6/19/2024,6/19/2025,365,Unmanned,,bfbc4c76
328,C328,Pulau Pinang,6231,Seberang Jaya,PPU,PPU Science Park,"5.290048, 100.443536",18,18/11/2025,12/05/2027,Commissioned,3/14/2019,,365,Unmanned,,"e54483de , 7bc1c0db , 75bb20af , c048cf27 , f49e6afb-91c2-449b-9c6a-dd5ff9860d56 , a5ef9144-fd4d-4314-a6d2-f2e7f6e96638"
329,C329,Pulau Pinang,6231,Seberang Jaya,PPU,PPU 33/11KV JALAN PERUSAHAAN NO 2 (RUBICON),"5.361731, 100.400940",18,16/10/2024,09/04/2026,Commissioned,6/20/2024,6/20/2025,365,Unmanned,,"381954b1 , d6b615cf , 7d78acb8 , ca66459e , 073b4d30"
330,C330,Pulau Pinang,6261,Bayan Baru,PPU,"PPU TELUK KUMBAR, GEORGETOWN","5.291539, 100.250060",18,26/06/2024,18/12/2025,Commissioned,6/26/2024,6/26/2025,365,Unmanned,,"afb431e8 , dbb5e8a4 , df3b313d , 317872cd , 8b89843d , 419701f4-9508-4cd8-ab2e-e6ea2c3a100e"
331,C331,Pulau Pinang,6230,Bertam,PPU,"PPU PADANG MENORA, TASIK GELUGOR","5.464193, 100.472344",18,21/11/2024,15/05/2026,Commissioned,,,365,,,b5a3eccc
332,C332,Pulau Pinang,6261,Bayan Baru,PMU GIS,PMU Sungai Ara,"5.337741, 100.268079",18,17/04/2025,09/10/2026,Commissioned,,,365,,,
333,C333,Pulau Pinang,6260,Pulau Pinang,PMU GIS,PMU Datuk Keramat,"5.412914, 100.312179",18,18/04/2025,10/10/2026,Commissioned,,,365,,,5d9ec5a5
334,C334,Pulau Pinang,6261,Bayan Baru,Pejabat TNB,Pejabat PRCC Bayan Baru/Bayan Lepas,,18,12/09/2024,06/03/2026,Commissioned,,,365,Manned,,"3d034590-c8b2-48e9-81c1-c6498ff98aa5 , 113b66e5-231d-4e99-a16e-df260fe03125"
335,C335,Pulau Pinang,6232,Nibong Tebal,PPU,PPU 33/11KV BANDAR TASEK MUTIARA,"5.281996, 100.487028",18,10/10/2024,03/04/2026,Commissioned,10/10/2024,10/10/2025,365,Unmanned,,"8a79b6e8 , b0b0f96b , 9766d8ce , 99cea51c-5595-4754-a7f0-bb26fbebd5a6 , 0fbfffe9-b3e6-495c-9733-c7d835361a6a"
336,C336,Pulau Pinang,6260,Pulau Pinang,Pejabat TNB,Wisma Anson,,18,19/05/2025,10/11/2026,Commissioned,,,365,Manned,,"6c749ba3-1f14-4523-9d07-78dce29af112 , 393fbc65-c7f4-4530-8e36-4e2c9fa4ff98"
337,C337,Pulau Pinang,6260,Pulau Pinang,Pusat Peranginan,Cahaya The Reef,"5.480979, 100.269989",18,,,New,,,,,,b92fdbba
338,C338,Pulau Pinang,6260,Pulau Pinang,PMU GIS,PMU Tanjung Tokong,"5.456535, 100.309758",18,23/04/2025,15/10/2026,Commissioned,,,365,,,"81e06dd0 , 8cb41ba3"
339,C339,Pulau Pinang,6232,Nibong Tebal,Warehouse,Stor Bukit Tambun,,18,15/08/2024,06/02/2026,Commissioned,,,365,Manned,,"ecf3f2bb-367c-4efc-ba05-6ba3b7ff2c26 , 1ffaa18b-f5de-45f5-a852-c8c4e55f4413"
340,C340,Pulau Pinang,6230,Bertam,Kedai Tenaga,KT Bertam,,18,21/10/2025,14/04/2027,Commissioned,12/30/2016,,365,Manned,Private Security,b473e804
341,C341,Pulau Pinang,6261,Bayan Baru,Kedai Tenaga,KT Bayan Baru,"5.326481, 100.285766",18,31/10/2025,24/04/2027,Commissioned,12/30/2016,,365,Manned,Private Security,860c0747
342,C342,Pulau Pinang,6232,Nibong Tebal,Kedai Tenaga,KT Nibong Tebal,,18,28/10/2025,21/04/2027,Commissioned,12/30/2016,,365,Manned,Private Security,868ad472
343,C343,Pulau Pinang,6260,Pulau Pinang,Kedai Tenaga,KT Jalan Anson,,18,22/10/2025,15/04/2027,Commissioned,12/30/2016,,365,Manned,Private Security,8b66f0f8
344,C344,Pulau Pinang,6231,Seberang Jaya,Warehouse,Gudang Simpanan Perai,,18,03/10/2024,27/03/2026,Commissioned,,,365,Manned,,"f1e9ace2 , 8552466e , 17c4f78d-4f21-48ef-932f-3e350d3a3447 , 114781c9-36bb-4dd0-baf1-0b568f4728c3"
345,C345,Pulau Pinang,6260,Pulau Pinang,Kedai Tenaga,KT UTC Pulau Pinang,,18,22/10/2025,15/04/2027,Commissioned,12/30/2016,,365,Manned,Private Security,
346,C346,Pulau Pinang,6231,Seberang Jaya,Kedai Tenaga,KT Seberang Jaya,,18,21/10/2025,14/04/2027,Commissioned,12/30/2016,,365,Manned,Private Security,
347,C347,Pulau Pinang,6261,Bayan Baru,Kuarters,Kuarters Sungai Ara,"5.328707, 100.274191",18,,,New,,,,,,11da9064
348,C348,Pulau Pinang,6260,Pulau Pinang,PMU GIS,PMU FARLIM,"5.399032, 100.289455",18,27/11/2025,21/05/2027,Commissioned,1/18/2022,1/18/2023,365,Unmanned,,"ff66a580 , 260a1439 , 9036f038"
349,C349,Pulau Pinang,6231,Seberang Jaya,Pejabat TNB,Wisma Seberang Jaya NERCC,,18,11/11/2025,05/05/2027,Commissioned,,,365,Manned,,5eefb673-1a38-4545-8a1e-20141ad83903
350,C350,Pulau Pinang,6261,Bayan Baru,PMU GIS,PMU GIS BAYAN BARU,"5.317344, 100.295445",18,14/06/2024,06/12/2025,Commissioned,12/4/2023,11/4/2024,365,Unmanned,,"8b86b9cc , 28953c36 , fb84cfc2 , 07add7f9 , 40a64b6f , ec0e790f"
351,C351,Pulau Pinang,6260,Pualu Pinang,PMU GIS,PMU GIS SG. PINANG,"5.407863, 100.324383",18,18/06/2024,10/12/2025,Commissioned,4/14/2023,4/13/2024,365,Unmanned,,"43bc4898 , 7906af58"
352,C352,Pulau Pinang,6231,Seberang Jaya,PPU,"PPU 33/11KV CHAIN FERRY, BUTTERWORTH","5.404728, 100.385814",18,15/04/2025,07/10/2026,Commissioned,,,365,,,"2d7ddf12 , 0018b18f"
353,C353,Pulau Pinang,6231,Seberang Jaya,PMU GIS,PMU GIS SEBERANG JAYA,"5.397691, 100.400487",18,19/06/2024,11/12/2025,Commissioned,4/16/2023,4/15/2024,365,Unmanned,,"8d218608 , 7e2e7ef7 , 63cb3d30-c12a-4c4d-a66d-716629fa2bbd , 0e60275f-1e22-455f-a050-1ff818285bb6"
354,C354,Pulau Pinang,6231,Seberang Jaya,PMU SP,PMU Juru,"5.314430, 100.413442",18,14/08/2024,05/02/2026,Commissioned,,,365,Manned,Auxilliary Police,"eca25f89 , 9eab9f6f , 7dcc7284 , 376fde27-c177-46aa-b852-30f6ca1ccd5b , 2ce4ddc2-ff7f-4c3f-80d4-6c6d13a3c6df"
355,C355,Pulau Pinang,6261,Bayan Baru,PMU GIS,PMU Bayan Mutiara,"5.343430, 100.308113",18,19/09/2025,13/03/2027,Commissioned,4/19/2024,4/19/2025,365,Unmanned,,"80d1b527-3f42-445b-b6c4-9ce7131d6b00 , db40a69e-773c-4eae-a3ab-28393855428c"
356,C356,Pulau Pinang,6232,Nibong Tebal,PMU SP,PMU Bukit Tambun,"5.267697, 100.454537",18,15/08/2024,06/02/2026,Commissioned,,,365,Manned,Auxilliary Police,"9f3ac5d5 , 291172a9 , 71484056 , fea6ed91-cdda-4537-b7bd-e6302b44f9d3 , 1f251061-8faf-4a92-b7db-9c1cf1a778b1"
357,C357,Pulau Pinang,6261,Bayan Baru,PMU SP,PMU Bayan Lepas,"5.294232, 100.293597",18,13/08/2024,04/02/2026,Commissioned,,,365,Manned,Auxilliary Police,"faf89f61 , f08d6fad , 09eab35a-1c91-4311-bfe0-9a70c6470476"
358,C358,Pulau Pinang,6260,Pulau Pinang,PMU GIS,PMU AIR TERJUN,"5.429727, 100.299483",18,28/11/2025,22/05/2027,Commissioned,1/19/2022,1/19/2023,365,Unmanned,,"809cae53 , a1368855 , ab2982f1 , 804ed8af , ac6fcff9 , f2ee9726 , 2cc5f348 , 30dc16af , b9cda161"
359,C359,Selangor,6150,Rawang,Warehouse,Gudang Simpanan Bukit Sentosa 2,,18,17/09/2025,11/03/2027,Commissioned,,,365,Manned,,"e1f338d7 , cdd14ee3-dd23-490b-84d5-ba6aba788305 , ca60d7de-703f-43f9-b3f3-efc93c819b5f"
360,C360,Selangor,6150,Rawang,Warehouse,Gudang Simpanan Bukit Sentosa 1,,18,19/09/2025,13/03/2027,Commissioned,,,365,Manned,,"8b74cda5-2c5b-43b3-b20c-36087f21d10e , a391aa18-987e-4d61-999f-ffb5bd69aa07"
361,C361,Selangor,6143,Pelabuhan Klang,Warehouse,Stor Grid Port Klang,,18,30/06/2025,22/12/2026,Commissioned,,,365,Manned,,"c80dd61f-fb0a-4543-b427-ee2f2a37f41b , a773d579-173b-4cec-bc9c-bed500617db7"
362,C362,Selangor,6160,Shah Alam,Warehouse,Stor Meter Shah Alam,,18,12/09/2025,06/03/2027,Commissioned,,,365,Manned,,884d5983-d918-4c14-9ce6-12d82e5fc9c3
363,C363,Selangor,6160,Shah Alam,Warehouse,Stor Grid Shah Alam,,18,12/09/2025,06/03/2027,Commissioned,,,365,Manned,,8758e16a-84a5-4293-9054-82be123e31af
364,C364,Selangor,6130,Petaling Jaya,PPU,PPU KELANA PUTRA,,18,08/04/2025,30/09/2026,Commissioned,10/30/2024,10/30/2025,365,,,e7e504cd
365,C365,Selangor,6130,Petaling Jaya,PPU,PPU 33/11KV TROPICANA,"3.131107, 101.595381",18,10/04/2025,02/10/2026,Commissioned,4/11/2024,4/11/2025,365,Unmanned,,"50f49b43 , 19c4292f , 6a6b2186"
366,C366,Selangor,6141,Kuala Selangor,PPU,PPU SEKINCHAN,"3.515654, 101.096048",18,14/04/2025,06/10/2026,Commissioned,6/11/2024,6/11/2025,365,,,"c97fe625 , 13bf3ac1 , 86a569a0"
367,C367,Selangor,6180,Bangi,Pejabat TNB,Wisma TNB Bangi,"2.949011, 101.762071",18,,,New,,,,,,73ad35f5
368,C368,Selangor,6140,Klang,Pejabat TNB,KRCC (BCC),,18,15/11/2023,08/05/2025,Commissioned,,,365,Manned,,"b88d9f2e-422f-4672-bd7c-7dd8d5e258be , 5bb48ad8-19f5-43ed-be1f-70ea71d83142"
369,C369,Selangor,6140,Klang,Warehouse,Stor Klang,,18,17/05/2024,08/11/2025,Commissioned,,,365,Manned,,"78d540e2-e49f-4fb7-a55d-cbcb3fd532e3 , 272acf77-b915-4d69-bc73-de61538b1826"
370,C370,Selangor,6143,Pelabuhan Klang,Warehouse,Stor Port Klang,,18,30/06/2025,22/12/2026,Commissioned,,,365,Manned,,"905bff36-be80-470b-ae7c-863838dfc17d , 9395d3a7-b330-43f2-b948-bf7616009fca"
371,C371,Selangor,6142,Banting,Warehouse,Stor Banting,,18,01/07/2025,23/12/2026,Commissioned,,,365,Manned,,"73055cc4-1949-4e54-ba94-3ea796b686fc , b480cb34-e769-4f4f-9a71-721e79028bc8"
372,C372,Selangor,6180,Bangi,Warehouse,Stor Bangi,,18,13/01/2026,07/07/2027,Commissioned,,,365,Manned,,"a8f2ce91 , fda238e0-b3c9-4b48-a57e-9b0ae929d0d1 , d0c019e2-aeea-4408-8851-7a27460cd4b1"
373,C373,Selangor,6150,Rawang,Warehouse,Stor Tiang Bukit Sentosa,,18,24/06/2025,16/12/2026,Commissioned,,,365,Manned,,"dbadd0ab-8ce9-44e0-b105-895dfd21d8aa , 7ec51392-21a7-473b-88d2-99f553615414"
374,C374,Selangor,6130,Petaling Jaya,Pejabat TNB,Wisma Jalan Timur,,18,08/05/2025,30/10/2026,Commissioned,,,365,Manned,,"1538c957 , 466dcc80-2b48-4ea7-af3a-88b6a30b75a5 , 99056d3c-2b59-4e59-928b-8340390eb24e"
375,C375,Selangor,6180,Bangi,Pejabat TNB,Pejabat Danim GIS,"2.949162, 101.762223",18,01/01/2020,24/06/2021,Commissioned,,,365,Manned,,"923b424a-46fd-4bb2-8eaa-b3ea69dc350a , cae2a4a3-6a65-4e3c-99ee-997f3b2e7e30"
376,C376,Selangor,6142,Banting,PPU,PPU 33kV Telok Panglima Garang No. 1,"2.924057, 101.473295",18,08/02/2025,02/08/2026,Commissioned,2/8/2024,2/8/2025,365,Unmanned,,"fe2ede3e-ec05-49bc-a1bb-02fa75b391c9 , 475c2112-cb36-4d51-859b-1f15cb0142af"
377,C377,Selangor,6142,Banting,PPU,PPU SG MANGGIS,"2.831858, 101.533186",18,24/03/2025,15/09/2026,Commissioned,5/11/2024,5/11/2025,365,,,"6ca9c60e , 239dcae2"
378,C378,Selangor,6160,Shah Alam,Bilik Senjata,Bilik Senjata Shah Alam,"3.074744, 101.525853",18,29/09/2025,23/03/2027,Commissioned,,,365,,,
379,C379,Selangor,6180,Bangi,PMU GIS,PMU Serdang Raya,"3.012008, 101.714011",18,09/06/2025,01/12/2026,Commissioned,4/4/2024,4/4/2025,365,Unmanned,,"066c5570 , 7a7f6c4e , 99aafde8-5f82-4fdf-9863-d66a113711b8 , 55569a07-c7e0-45b9-8c4d-722c4e74d08d"
380,C380,Selangor,6141,Kuala Selangor,PPU,PPU Puncak Alam,,18,10/02/2025,04/08/2026,Commissioned,5/28/2024,5/28/2025,365,Unmanned,,"e4bbcdae , 5b609c62-cca4-498e-8770-81d06c30aaeb , 3ce4ce3a-e1ad-48c0-ac2c-a8cf903509f7"
381,C381,Selangor,6160,Shah Alam,PMU GIS,PMU LRT Seksyen 2,,18,25/04/2025,17/10/2026,Commissioned,,,365,,,2998c6d9
382,C382,Selangor,6140,Klang,Bilik Senjata,Bilik Senjata CBPS,,18,01/01/2020,24/06/2021,Commissioned,,,365,Manned,Auxilliary Police,"c3db100b-3a7d-4a01-a9ff-40071f20f569 , c1ef2382-c94a-405e-b629-157c9cc1b5dd"
383,C383,Selangor,6130,Petaling Jaya,Careline,Careline Menara PKNS,"3.099874, 101.642611",18,24/10/2024,17/04/2026,Commissioned,,,,,,
384,C384,Selangor,6180,Bangi,Control Centre,Security Fusion Centre,"2.963449, 101.726045",18,01/01/2020,24/06/2021,Commissioned,,,,,,"1ee66953 , 1d2edeea , 64354f3a , e596e5db , 5f309b4b , 46afb11b"
385,C385,Selangor,6141,Kuala Selangor,Kedai Tenaga,KT Kuala Selangor,,18,09/12/2025,02/06/2027,Commissioned,12/30/2016,,365,Manned,Private Security,5b065729
386,C386,Selangor,6142,Banting,Kedai Tenaga,KT Banting,,18,30/10/2025,23/04/2027,Commissioned,12/30/2016,,365,Manned,Private Security,d44c90ae
387,C387,Selangor,6160,Shah Alam,Kedai Tenaga,KT Shah Alam,,18,28/10/2025,21/04/2027,Commissioned,12/30/2016,,365,Manned,Private Security,
388,C388,Selangor,6150,Rawang,Kedai Tenaga,KT Rawang,,18,31/10/2025,24/04/2027,Commissioned,12/30/2016,,365,Manned,Private Security,e0881b49
389,C389,Selangor,6143,Pelabuhan Klang,Kedai Tenaga,KT Pelabuhan Klang,,18,28/10/2025,21/04/2027,Commissioned,12/30/2016,,365,Manned,Private Security,"7eadaa40 , cc5ae3f7-0f60-48e7-898d-d58c8452f369 , 5242af6d-1f45-42d9-976c-0d1ff5b02925"
390,C390,Selangor,6140,Klang,Kedai Tenaga,KT Klang,,18,27/10/2025,20/04/2027,Commissioned,12/30/2016,,365,Manned,Private Security,e768da22-6b0f-486d-a1ff-fe7fb0d1ebf9
391,C391,Selangor,6153,Cheras,Kedai Tenaga,KT Cheras,,18,29/10/2025,22/04/2027,Commissioned,12/30/2016,,365,Manned,Private Security,"a6a15a6d , 115ff3ed-dcfd-406a-acb9-a426f9327826"
392,C392,Selangor,6132,Puchong,Kedai Tenaga,KT Puchong,,18,27/10/2025,20/04/2027,Commissioned,12/30/2016,,365,Manned,Private Security,70d83481-7fa3-401e-a5ef-223f11caa87d
393,C393,Selangor,6180,Bangi,Kedai Tenaga,KT Kajang,,18,29/10/2025,22/04/2027,Commissioned,12/30/2016,,365,Manned,Private Security,
394,C394,Selangor,6144,TNB Sungai Besar,Kedai Tenaga,KT Sungai Besar,,18,31/10/2025,24/04/2027,Commissioned,12/30/2016,,365,Manned,Private Security,
395,C395,Selangor,6147,Sepang,Kedai Tenaga,KT Sepang,,18,30/10/2025,23/04/2027,Commissioned,12/30/2016,,365,Manned,Private Security,
396,C396,Selangor,6131,Subang Jaya,Kedai Tenaga,KT Subang Jaya,,18,28/10/2025,21/04/2027,Commissioned,12/30/2016,,365,Manned,Private Security,
397,C397,Selangor,6130,Petaling Jaya,Kedai Tenaga,KT Petaling Jaya,,18,27/10/2025,20/04/2027,Commissioned,12/30/2016,,365,Manned,Private Security,"5aa97b3b , dc216506 , 17af8f66"
398,C398,Selangor,6130,Petaling Jaya,Kuarters,Kuarters Kelana Jaya,,18,01/01/2020,24/06/2021,Commissioned,,,365,Manned,Private Security,"7c03855c , c8350562-c2e0-49e0-bd3b-0a04569351d8 , 5f600e1d-5bc1-48c7-9575-db9e14a9de4a"
399,C399,Selangor,6180,Bangi,Kedai Tenaga,KT Bangi,,18,29/10/2025,22/04/2027,Commissioned,12/30/2016,,365,Manned,Private Security,fac2caab
400,C400,Selangor,6131,Subang Jaya,PMU GIS,PMU Glenmarie,"3.096236, 101.588722",18,19/03/2025,10/09/2026,Commissioned,,,365,,,d9d36fca
401,C401,Selangor,6160,Shah Alam,PMU GIS,PMU SHAH ALAM WEST (SHAW),"3.092387, 101.506044",18,01/12/2025,25/05/2027,Commissioned,4/15/2022,4/15/2023,365,Unmanned,,"be7f8107 , ca0fedc0 , 326bbd0d"
402,C402,Selangor,6130,Petaling Jaya,PPU,PPU Kelana Center Point,,18,04/11/2025,28/04/2027,Commissioned,3/14/2019,,365,Unmanned,,"e3de34b3 , 323f6531 , 492e33dd , 9f234bb3 , 83b9d4b1 , c29a99e2 , 90ec43bc-fb3d-436f-8eab-d50aca70e905 , 80837862-2d24-4e8a-a315-9d631981d527"
403,C403,Selangor,6140,Klang,PPU,PPU Tiara Etika,"3.138020, 101.404110",18,31/10/2025,24/04/2027,Commissioned,3/14/2019,,365,Unmanned,,"556563b4 , 2033104c , 1bcb8eb1 , a10b0bb7-8715-44ff-ad04-9b96b0763cb9 , 81ba3b8c-a73f-42dc-b647-a69310ce401f"
404,C404,Selangor,6132,Puchong,PPU,PPU Taman Perindustrian Puchong,"3.029097, 101.609734",18,28/10/2025,21/04/2027,Commissioned,3/1/2020,,365,Unmanned,,"81f8cd27 , 20af18b4 , 1f308c9c , 261c63f5 , 07fe3444 , f35512f2 , 9d9f54ca-653c-4266-8bd5-516ea2e14d65 , 4df2f5e4-fe59-4a59-9751-9d6b84e35b88"
405,C405,Selangor,6132,Puchong,PPU,PPU Taman Mas,"2.971127, 101.581181",18,28/10/2025,21/04/2027,Commissioned,3/1/2020,,365,Unmanned,,"7dca29b8 , e6eff7bf , 7148795d , 08da732a , 5dd7eab3 , e4318650-d99f-4117-89a4-f1828a781cad , 7b1bf1d3-8b80-4950-b38d-145e8fe29e9b"
406,C406,Selangor,6142,Banting,PPU,PPU Sungai Emas Banting,"2.821954, 101.533176",18,07/11/2025,01/05/2027,Commissioned,3/1/2020,,365,Unmanned,,"537ab266 , 30d6ca8e , c510e482 , 72024d7d , c1df61f4-b2e7-464c-b15b-0e82ca7322b9 , 2501067f-a28b-4e88-8fa3-44a1af878620"
407,C407,Selangor,6180,Bangi,PMU GIS,PMU Bukit Serdang,"3.012782, 101.700118",18,14/03/2025,05/09/2026,Commissioned,,,365,,,3c7912a1
408,C408,Selangor,6160,Shah Alam,PPU,PPU Seksyen 16 Shah Alam,"3.058513, 101.493958",18,30/10/2025,23/04/2027,Commissioned,3/1/2020,,365,Unmanned,,"068a0ab9 , 19fa0e29 , fa1cbdc0 , a2925eca , 3f2e3418 , 294b22ac , ce30b6ff , acd33569 , bfd3f188 , a1e0c290 , 1ae82f11 , cf248b34-642f-45ad-aca7-6aec4fd2a3b6 , 005b649a-cba7-4fb0-9445-6c24101eed96"
409,C409,Selangor,6160,Shah Alam,PPU,PPU Seksyen 13 Shah Alam,"3.071808, 101.540224",18,30/10/2025,23/04/2027,Commissioned,3/1/2020,,365,Unmanned,,"9b6d7d2b , 74837873 , 5bd875e7 , 762924d2 , 1cd1fb2b , bf542863 , fb5c6512 , d70563fd , ae2d107f-6ca6-47c8-8e39-01f46673fb66 , ad5c3fe3-fcdb-472f-b677-f8bfd308121c"
410,C410,Selangor,6130,Petaling Jaya,PPU,PPU Dataran Prima,"3.118966, 101.595690",18,11/11/2025,05/05/2027,Commissioned,3/1/2020,,365,Unmanned,,"8fe05886-3165-4586-ad50-987ad59a84c0 , 43d8cc21-2220-4574-92fd-fe6ca6d1f53f"
411,C411,Selangor,6130,Petaling Jaya,PPU,PPU Temasya,"3.082500, 101.567553",18,04/11/2025,28/04/2027,Commissioned,3/14/2019,,365,Unmanned,,"2e9ca763 , 990247af , 644966b2 , e3e28957 , ae776bc9 , 337bfe76 , 54a8785f , 63f9d203-5c41-40dd-bbca-16b3258c45e2 , 291ae341-047f-4258-a305-17fd327c1667"
412,C412,Selangor,6180,Bangi,PPU,PPU Kajang Town,"2.990800, 101.787596",18,27/10/2025,20/04/2027,Commissioned,3/1/2020,,365,Unmanned,,"bbb7a550 , e7d0c390-ad3c-404d-8b50-f7f12ece37d2 , 59913cad-3d3c-4b3d-8599-6d04b001b6d4"
413,C413,Selangor,6130,Petaling Jaya,PPU,PPU Pacific Place,"3.111648, 101.585030",18,05/11/2025,29/04/2027,Commissioned,3/14/2019,,365,Unmanned,,"f4381786 , 8c87e94c , 28a63342 , b0c1a2d1-ebd0-40c6-88a7-87b477d46c77 , d3a41012-c4e3-4cca-8d11-10ca7f5714c0"
414,C414,Selangor,6131,Subang Jaya,PPU,PPU Horsdale no 2 Glenmarie,"3.094309, 101.562933",18,22/02/2025,16/08/2026,Commissioned,7/5/2024,7/5/2025,365,Unmanned,,"8f27857b-575d-4c19-ab81-d7e0ceb0513c , 838310d3-985b-4290-9dea-3226bbc6fd0d"
415,C415,Selangor,6160,Shah Alam,PPU,PPU Lion Industrial Park,,18,23/02/2025,17/08/2026,Commissioned,9/5/2024,9/5/2025,365,Unmanned,,
416,C416,Selangor,6180,Bangi,PPU,"SEKSYEN 9, BANDAR BARU BANGI","2.962747, 101.759186",18,24/02/2025,18/08/2026,Commissioned,5/17/2024,5/17/2025,365,Unmanned,,"b72d9d3b-301a-4fb8-957c-bc3542a968bf , abb84752-522c-4328-a0c1-ffa9bdaed8be"
417,C417,Selangor,6132,Puchong,PPU,PPU Kinrara,"3.056011, 101.649641",18,25/02/2025,19/08/2026,Commissioned,5/24/2024,5/24/2025,365,Unmanned,,3b2ad7ae
418,C418,Selangor,6160,Shah Alam,PPU,PPU Bandar Baru Hicom,,18,26/02/2025,20/08/2026,Commissioned,5/24/2024,5/24/2025,365,Unmanned,,
419,C419,Selangor,6140,Klang,PPU,PPU Bukit Rimau,"2.992800, 101.529282",18,27/02/2025,21/08/2026,Commissioned,5/24/2024,5/24/2025,365,Unmanned,,"604f75d5 , 4c783a21-7cd2-496f-b51c-549b720ff096 , d671d6a9-3c70-4bf2-bf12-bd7aaf57f826"
420,C420,Selangor,6144,TNB Sungai Besar,PPU,PPU Main Intake Tg Karang,"3.418764, 101.187092",18,28/02/2025,22/08/2026,Commissioned,5/27/2024,5/27/2025,365,Unmanned,,"d531f067-706c-42d7-87bf-65d3381577db , a9bbd9b5-3d12-4646-bdbe-d64f94957d23"
421,C421,Selangor,6150,Rawang,PPU,PPU Batu 16 Rawang,"3.303484, 101.577049",18,03/11/2025,27/04/2027,Commissioned,3/1/2020,,365,Unmanned,,"e1f2feff , 141dbda5 , 59e299a8 , 269254a8-e278-4c29-92c1-b5ffd2925617 , 63d497a7-6b98-46a6-94e8-2453aa3d6d9d"
422,C422,Selangor,6130,Petaling Jaya,PPU,PPU Mutiara Damansara,"3.163392, 101.612899",18,10/11/2025,04/05/2027,Commissioned,3/1/2020,,365,Unmanned,,"affc566e , 7cb8ed3e , 5c1f7cff , 2e163ded , c1637348 , a358a0e4 , d735bde7 , b44c0b06 , 88abb021 , 7ad771ca , 248a161e , 54f70f44 , f43bc782 , c3371d0c-ca5b-48b8-a878-896b8d7821b7 , 26e87fa4-ef8b-414f-a939-b0b1d32a15c6"
423,C423,Selangor,6150,Rawang,PPU,PPU Massalam Rawang,"3.311703, 101.587122",18,03/11/2025,27/04/2027,Commissioned,3/1/2020,,365,Unmanned,,"bbb5a9d8 , d5db6417 , 4796a9e7 , 37d5f3fd-1884-445b-a1a2-39c125cffd85 , a827e0f2-635a-4f9c-843b-9a866a0919ec"
424,C424,Selangor,6123,Kuala Lumpur Pusat,PMU GIS,PMU Pandan Maju,"3.147722, 101.741414",18,23/09/2025,17/03/2027,Commissioned,4/26/2024,4/26/2025,365,Unmanned,,f3c9b78d
425,C425,Selangor,6160,Shah Alam,PMU GIS,PMU SHAH ALAM BANDAR (SHAB),"3.072815, 101.519879",18,02/12/2025,26/05/2027,Commissioned,4/21/2022,4/21/2023,365,Unmanned,,dbc4cae9
426,C426,Selangor,6147,Sepang,PMU GIS,PMU KLIA,"2.771549, 101.721463",18,26/11/2025,20/05/2027,Commissioned,4/28/2022,4/28/2023,365,Unmanned,,"67042416 , 29d0e321 , fc29dadb , 0c7742fe , 67e74adc , ccf5ebe4"
427,C427,Selangor,6131,Subang Jaya,PMU GIS,PMU SUBANG JAYA TOWN CENTRE,"3.083610, 101.591389",18,20/11/2025,14/05/2027,Commissioned,12/5/2022,12/5/2023,365,Unmanned,,
428,C428,Selangor,6131,Subang Jaya,PMU GIS,PMU GIS SUBANG DCA,"3.136115, 101.556501",18,19/01/2026,13/07/2027,Commissioned,2/16/2023,2/16/2024,365,Unmanned,,"71e397cf , 8d2b4432 , bf826b2e"
429,C429,Selangor,6180,Bangi,PMU GIS,PMU GIS NATIONAL UNIVERSITY,"2.941666, 101.760429",18,25/10/2025,18/04/2027,Commissioned,2/17/2023,2/17/2024,365,Unmanned,,03670a7f
430,C430,Selangor,6130,Petaling Jaya,PMU GIS,PMU Icon City,"3.089085, 101.614959",18,25/09/2025,19/03/2027,Commissioned,3/27/2024,3/27/2025,365,Unmanned,,
431,C431,Selangor,6130,Petaling Jaya,PMU GIS,PMU New Seapark,"3.103566, 101.628952",18,07/10/2025,31/03/2027,Commissioned,4/21/2024,4/21/2025,365,Unmanned,,"fa41eb50-004b-4ed0-ab06-0bd1d2a46f08 , 5828aca0-efd0-43a9-b099-af5f6737f8d3"
432,C432,Selangor,6150,Rawang,PMU SP,PMU Bukit Beruntung,"3.420222, 101.545206",18,21/06/2024,13/12/2025,Commissioned,,,365,Manned,Auxilliary Police,"d779454a , e0783c8f , 71076cf2-767e-47e1-af11-3c5de0c05834 , 6f5f2a4e-ad7e-456c-ab3a-44ab365578b0"
433,C433,Selangor,6131,Subang Jaya,PMU GIS,PMU Penaga,"3.038513, 101.596974",18,19/09/2025,13/03/2027,Commissioned,2/5/2024,2/5/2025,365,Unmanned,,"e0b96967 , d0eb2f8b"
434,C434,Selangor,6131,Subang Jaya,PMU GIS,PMU Ebor GIS 132/275kv,"3.059130, 101.560012",18,22/09/2025,16/03/2027,Commissioned,3/5/2024,3/5/2025,365,Unmanned,,88ae8bb7
435,C435,Selangor,6130,Petaling Jaya,PMU GIS,PMU Ara Damansara,"3.126858, 101.577083",18,09/06/2025,01/12/2026,Commissioned,6/5/2024,6/5/2025,365,Unmanned,,"8753320f , 111174f4-42d2-478b-96f4-a44f48dd1cd9 , 6308f6c6-c2df-41e8-a6d4-9a6ca1b0aacc"
436,C436,Selangor,6143,Pelabuhan Klang,PMU GIS,PMU Ingerback,"3.035634, 101.379339",18,22/09/2025,16/03/2027,Commissioned,8/5/2024,8/5/2025,365,Unmanned,,58f1638b
437,C437,Selangor,6131,Subang Jaya,Wisma,Wisma Subang Jaya,"3.050062, 101.583282",18,01/01/2020,24/06/2021,Commissioned,,,,,,6d71e494
438,C438,Selangor,6160,Shah Alam,PMU GIS,PMU Shah Alam 18,"3.050212, 101.514662",18,01/07/2025,23/12/2026,Commissioned,5/23/2024,5/23/2025,365,Unmanned,,
439,C439,Selangor,6140,Klang,PMU SP,PMU SUPER GRID KAPAR,"3.150253, 101.317178",18,03/12/2025,27/05/2027,Commissioned,5/30/2022,5/30/2023,365,Manned,Auxilliary Police,"4c7ad462 , ec75c77e-769b-47d8-b6ad-61514e05dce5 , cc81d94a-d76f-4006-9cda-f0e194ad4c8a , 313611b4-015d-4bf2-b492-37f9ea18cac8 , 8ba2f940-22d5-4ce9-b00b-1ad4e6006031"
440,C440,Selangor,6150,Rawang,PMU SP,PMU Bukit Tarek (REHAB),"3.500200, 101.535492",18,19/06/2025,11/12/2026,Commissioned,,,365,Manned,Auxilliary Police,e6d8b253
441,C441,Selangor,6180,Bangi,PMU GIS,PMU Kajang Estate,"2.980141, 101.830638",18,02/07/2025,24/12/2026,Commissioned,5/23/2024,5/23/2025,365,Unmanned,,
442,C442,Selangor,6130,Petaling Jaya,PMU GIS,PMU Mutiara Damansara,"3.164995, 101.602985",18,26/09/2026,19/03/2028,Commissioned,3/27/2024,3/27/2025,365,Unmanned,,"9b866a54-1725-4be0-8c3d-7448c65aec8a , 1a1feacc-4949-4a70-8148-fbd4ad58d660"
443,C443,Selangor,6142,Banting,PMU SP,PMU Olak Lempit,"2.846017, 101.578683",18,20/06/2024,12/12/2025,Commissioned,,,365,Manned,Auxilliary Police,"49c4d2b4-73a2-40ea-99a9-599bbfa8cdbb , e80eb09f-e654-4fbb-8833-7ba89ff33d00"
444,C444,Selangor,6130,Petaling Jaya,PMU GIS,PMU PETALING JAYA SOUTH,"3.076647, 101.619670",18,25/12/2025,18/06/2027,Commissioned,5/18/2022,5/18/2023,365,Unmanned,,"28f1b46b , 8bd99531 , fe9980b4-e335-45c8-bc79-684851533511"
445,C445,Terengganu,6444,Setiu,PPU,"PPU 33/11KV SUNGAI TONG, SETIU","5.317431, 102.917887",18,04/03/2025,26/08/2026,Commissioned,8/7/2024,8/7/2025,365,Unmanned,,"16da40b1 , 9b9c083c , 2d4a61bc-dedb-4441-96d7-780143b2b550"
446,C446,Terengganu,6440,Kuala Terengganu,PPU,"PPU 33/11 KV LADANG, KUALA TERENGGANU","5.331745, 103.149484",18,05/03/2025,27/08/2026,Commissioned,4/7/2024,4/7/2025,365,Unmanned,,"0b568a09-dcdb-4ad9-95b4-31b796ec3f89 , 2f95d44e-01d8-4ffb-937c-8b5ab8493099"
447,C447,Terengganu,6443,Besut,Kedai Tenaga,KT Besut,,18,03/11/2025,27/04/2027,Commissioned,12/30/2016,,365,Manned,Private Security,"c29f3983 , 6bf8696c"
448,C448,Terengganu,6441,Kemaman,Kedai Tenaga,KT Kemaman,,18,21/10/2025,14/04/2027,Commissioned,12/30/2016,,365,Manned,Private Security,
449,C449,Terengganu,6440,Kuala Terengganu,PPU,PPU 33/11KV WAKAF TEMBESU,"5.350186, 103.098737",18,06/03/2025,28/08/2026,Commissioned,3/7/2024,3/7/2025,365,Unmanned,,"01bb208c , 72acc93c , 9adc6cde , b3caf923-5cd1-4c82-9adb-09c57ae611a7 , 3dee8700-25e0-4864-8348-706f816f4224"
450,C450,Terengganu,6444,Setiu,Kedai Tenaga,KT Setiu,,18,26/11/2025,20/05/2027,Commissioned,12/30/2016,,365,Manned,Private Security,
451,C451,Terengganu,6442,Dungun,PPU,"PPU DUNGUN SENTRAL, DUNGUN","4.770550, 103.417677",18,07/03/2025,29/08/2026,Commissioned,2/7/2024,2/7/2025,365,,,"cf9a01ab , 6c4c807f-c58e-4b05-baa7-5cfade42960c , a8100ef5-965e-499a-a15c-2d05bd895456"
452,C452,Terengganu,6440,Kuala Terengganu,Warehouse,Gudang Simpanan Gong Badak (Pejabat),,18,14/10/2024,07/04/2026,Commissioned,,,365,Manned,,"b0b55582-cf0b-41bf-98b1-a8151c1eafac , 0b8474c7-093b-4b29-a2b5-3c3c223d5048"
453,C453,Terengganu,6441,Kemaman,Warehouse,Stor Kemaman,,18,05/10/2024,29/03/2026,Commissioned,,,365,Manned,,"0d835336-ae5c-4c17-8196-354c783a3a30 , cff48e03-4d6a-4439-a26a-cb72b5a3ba01"
454,C454,Terengganu,6441,Kemaman,PPU,PPU 11/33 Kv Neram,"4.006672, 103.298370",18,08/03/2025,30/08/2026,Commissioned,1/7/2024,1/7/2025,365,Unmanned,,"22470717 , 1f292fce-1cff-4e12-9d3f-66011ee6da44 , c7a67e30-51b2-44f2-a8e9-4cf977da63c2"
455,C455,Terengganu,6443,Besut,PPU,PPU 33/11KV KAMPUNG RAJA BESUT,"5.791544, 102.560333",18,09/03/2025,31/08/2026,Commissioned,,,365,,,"abac50ef , b33e2a26"
456,C456,Terengganu,6444,Setiu,Kedai Tenaga,KT Jerteh,,18,25/01/2026,19/07/2027,Commissioned,12/30/2016,,365,Manned,Private Security,
457,C457,Terengganu,6448,Marang,Kedai Tenaga,KT Marang,,18,03/11/2025,27/04/2027,Commissioned,12/30/2016,,365,Manned,Private Security,
458,C458,Terengganu,6442,Dungun,Kedai Tenaga,KT Dungun,,18,05/11/2025,29/04/2027,Commissioned,12/30/2016,,365,Manned,Private Security,
459,C459,Terengganu,6446,Kuala Berang,Kedai Tenaga,KT Kuala Berang,,18,04/11/2025,28/04/2027,Commissioned,12/30/2016,,365,Manned,Private Security,
460,C460,Terengganu,6445,Kerteh,PMU SP,PMU KERTEH,"4.567741, 103.444410",18,25/11/2025,19/05/2027,Commissioned,6/20/2022,6/20/2023,365,Manned,Auxilliary Police,"8840959c-3f4d-43a4-bd45-54c05d10952e , d2c3bf1c-0aaa-4d10-bca6-73a6f2f9ea1e , a6975b63-ca3c-44ab-846a-3e7765f7cab3 , b75d8ea7-94f5-463b-b8e0-ccb06e50deef"
461,C461,Terengganu,6447,AMBS,Kedai Tenaga,KT Al-Mukhtatafi Billah Shah,,18,05/11/2025,29/04/2027,Commissioned,12/30/2016,,365,Manned,Private Security,
462,C462,Terengganu,6440,Kuala Terengganu,Warehouse,Bukit Kechil,,18,07/10/2025,31/03/2027,Commissioned,,,365,Manned,,"688fb144-98c5-4149-8486-67bf95b8a948 , a8b62b45-84db-4c42-a3d7-1cacd56837a3"
463,C463,Terengganu,6440,Kuala Terengganu,Warehouse,Gudang Simpanan Gong Badak (Terbuka),,18,07/10/2025,31/03/2027,Commissioned,,,365,Manned,,"f0ab48f8-7299-44c2-805a-8f64e4dfeca8 , c7eca38c-cf3e-4477-8cbb-8e9415772c79"
464,C464,Terengganu,6440,Kuala Terengganu,PPU,PPU 33/11KV TERENGGANU SOUTH,"5.312989, 103.150458",18,10/03/2025,01/09/2026,Commissioned,6/27/2024,6/27/2025,365,Unmanned,,"99b01228 , bca59693 , 2741803b-0ebb-4d17-8585-7c3e6f86c4a2 , 4fdf3ff7-1888-46d3-9af1-28bb496945b2"
465,C465,Terengganu,6446,Kuala Berang,PPU,PPU 11/33Kv Pekan Ajil,"5.082790, 103.090182",18,11/03/2025,02/09/2026,Commissioned,9/19/2024,9/19/2025,365,,,"237b8838-f348-4b4b-bed2-5232709be65b , d3a6215f-7b00-473c-855b-acf0bb18fd5a"
466,C466,Terengganu,6445,Kerteh,Kedai Tenaga,KT Kerteh,,18,07/01/2026,01/07/2027,Commissioned,12/30/2016,,365,Manned,Private Security,"909a07a3 , e5c6d1c1 , 57d2e12f , 594da888 , 565ffce6-6cb2-438a-932b-0327c00aa5b0"
467,C467,Terengganu,6440,Kuala Terengganu,Kedai Tenaga,KT Kuala Terengganu,,18,03/11/2025,27/04/2027,Commissioned,12/30/2016,,365,Manned,Private Security,
468,C468,Terengganu,6441,Kemaman,PPU,"PPU 33/11KV TELUK KALONG, KEMAMAN","4.286644, 103.450788",18,12/03/2025,03/09/2026,Commissioned,,,365,,,ad6778f1
469,C469,WP Putrajaya,6103,TNB Putrajaya & Cyberjaya,PPU,PPU Putrajaya 7,,18,13/03/2025,04/09/2026,Commissioned,8/29/2024,8/29/2025,365,Unmanned,,"17261afa , fa05226c-c97c-473d-bcb0-75b848393c90"
